id,title,description,google_product_category,product_type,link,image_link,condition,availability,price,sale_price,brand,gtin,mpn,item_group_id,color,material,size,gender,age_group,shipping_weight,expiration_date,Intended_use,sale_flag,master_link
BG408A05WHT  11/8,"Fsa | Micro Acb Headset Bearing Acb, 1-1/8"", 45 X 45, Orbit Is/orbit Zs","FSA Micro ACB Headset Bearing You are looking at a replacement headset bearing for the FSA Micro ACB headset bearing. Features Genuine FSA bearing to replace bearings in your favorite FSA headset Available in multiple configurationsto fit most FSA headsets | Fsa | Micro Acb Headset Bearing Acb, 1-1/8"", 45 X 45, Orbit Is/orbit Zs",Sporting Goods > Outdoor Recreation > Cycling > Bicycle Accessories,Components > Replacement Bearings,https://www.jensonusa.com/fsa-micro-acb-headset-bearing-acb-1-18-45-x-45-orbit-isorbit-zs,"https://www.jensonusa.com/cdn-cgi/image/width=1000,quality=70,format=auto,fit=contain/globalassets/product-images---all-assets/fsa/bg408a05.jpg",New,in stock,9999,,FSA,400310019660,BG408A05WHT  11/8,BG408A05,Silver,,One Size,male,adult,,,,0,https://www.jensonusa.com/fsa-micro-acb-headset-bearing
BG408A05GREY 1.5,"Fsa | Micro Acb Headset Bearing Acb, 1.5"", 36 X 45, Orbit Zs","FSA Micro ACB Headset Bearing You are looking at a replacement headset bearing for the FSA Micro ACB headset bearing. Features Genuine FSA bearing to replace bearings in your favorite FSA headset Available in multiple configurationsto fit most FSA headsets | Fsa | Micro Acb Headset Bearing Acb, 1. 5"", 36 X 45, Orbit Zs",Sporting Goods > Outdoor Recreation > Cycling > Bicycle Accessories,Components > Replacement Bearings,https://www.jensonusa.com/fsa-micro-acb-headset-bearing-acb-15-36-x-45-orbit-zs,"https://www.jensonusa.com/cdn-cgi/image/width=1000,quality=70,format=auto,fit=contain/globalassets/product-images---all-assets/fsa/bg408a05.jpg",New,in stock,9999,,FSA,,BG408A05GREY 1.5,BG408A05,Silver,,One Size,male,adult,,,,0,https://www.jensonusa.com/fsa-micro-acb-headset-bearing
BG408A05 45X45 1 1 8,"Fsa | Micro Acb Headset Bearing 45X45 1-1/8""","FSA Micro ACB Headset Bearing You are looking at a replacement headset bearing for the FSA Micro ACB headset bearing. Features Genuine FSA bearing to replace bearings in your favorite FSA headset Available in multiple configurationsto fit most FSA headsets | Fsa | Micro Acb Headset Bearing 45X45 1-1/8""",Sporting Goods > Outdoor Recreation > Cycling > Bicycle Accessories,Components > Replacement Bearings,https://www.jensonusa.com/fsa-micro-acb-headset-bearing-9,"https://www.jensonusa.com/cdn-cgi/image/width=1000,quality=70,format=auto,fit=contain/globalassets/digizuite/113263-en-bg408a05-45x45-1-1-8.jpg",New,in stock,9999,,FSA,,160-1647,BG408A05,,,One Size,male,adult,,,,0,https://www.jensonusa.com/fsa-micro-acb-headset-bearing
RS246A0044   8,Cane Creek | Rear Shock Hardware 44.5Mm X 8Mm,Cane Creek Rear Shock Hardware Cane Creek Double Barrel rear mounting shock hardware is available in a variety of sizes to fit your application. Check the pull down menu for the options. | Cane Creek | Rear Shock Hardware 44. 5Mm X 8Mm,Sporting Goods > Outdoor Recreation > Cycling > Bicycle Parts > Bicycle Forks,Components > Forks & Suspension > Rear Shock Parts > Service Kits & Parts,https://www.jensonusa.com/cane-creek-rear-shock-hardware-445mm-x-8mm,"https://www.jensonusa.com/cdn-cgi/image/width=1000,quality=70,format=auto,fit=contain/globalassets/product-images---all-assets/cane-creek/rs246a00.jpg",New,in stock,9999,,Cane Creek,840226081243,RS246A0044   8,RS246A00,,,One Size,,,,,,0,https://www.jensonusa.com/cane-creek-rear-shock-hardware
RS246A00 42 8,Cane Creek | Rear Shock Hardware 42.0Mm X 8Mm,Cane Creek Rear Shock Hardware Cane Creek Double Barrel rear mounting shock hardware is available in a variety of sizes to fit your application. Check the pull down menu for the options. | Cane Creek | Rear Shock Hardware 42. 0Mm X 8Mm,Sporting Goods > Outdoor Recreation > Cycling > Bicycle Parts > Bicycle Forks,Components > Forks & Suspension > Rear Shock Parts > Service Kits & Parts,https://www.jensonusa.com/cane-creek-rear-shock-hardware-420mm-x-8mm,"https://www.jensonusa.com/cdn-cgi/image/width=1000,quality=70,format=auto,fit=contain/globalassets/product-images---all-assets/cane-creek/rs246a00.jpg",New,in stock,9999,,Cane Creek,840226081236,.HWBY,RS246A00,,,One Size,,,,,,0,https://www.jensonusa.com/cane-creek-rear-shock-hardware
RS246A00     40   10,Cane Creek | Rear Shock Hardware 40.0Mm X 10Mm,Cane Creek Rear Shock Hardware Cane Creek Double Barrel rear mounting shock hardware is available in a variety of sizes to fit your application. Check the pull down menu for the options. | Cane Creek | Rear Shock Hardware 40. 0Mm X 10Mm,Sporting Goods > Outdoor Recreation > Cycling > Bicycle Parts > Bicycle Forks,Components > Forks & Suspension > Rear Shock Parts > Service Kits & Parts,https://www.jensonusa.com/cane-creek-rear-shock-hardware-400mm-x-10mm,"https://www.jensonusa.com/cdn-cgi/image/width=1000,quality=70,format=auto,fit=contain/globalassets/product-images---all-assets/cane-creek/rs246a00.jpg",New,in stock,9999,,Cane Creek,840226075617,.HWDK,RS246A00,,,One Size,,,,,,0,https://www.jensonusa.com/cane-creek-rear-shock-hardware
RS246A00     34   8,Cane Creek | Rear Shock Hardware 34.0Mm X 8Mm,Cane Creek Rear Shock Hardware Cane Creek Double Barrel rear mounting shock hardware is available in a variety of sizes to fit your application. Check the pull down menu for the options. | Cane Creek | Rear Shock Hardware 34. 0Mm X 8Mm,Sporting Goods > Outdoor Recreation > Cycling > Bicycle Parts > Bicycle Forks,Components > Forks & Suspension > Rear Shock Parts > Service Kits & Parts,https://www.jensonusa.com/cane-creek-rear-shock-hardware-340mm-x-8mm,"https://www.jensonusa.com/cdn-cgi/image/width=1000,quality=70,format=auto,fit=contain/globalassets/product-images---all-assets/cane-creek/rs246a00.jpg",New,in stock,9999,,Cane Creek,840226081434,.HWCS,RS246A00,,,One Size,,,,,,0,https://www.jensonusa.com/cane-creek-rear-shock-hardware
SE298F00SIL  31.8,Thomson | Seatpost Clamp | Silver | 31.8Mm,"Thomson Seatpost Clamp Great looks, great clamping, long life and no squeaking. The perfect addition to your Thomson Cockpit. The Thomson Seatpost Collar has several features that make it distinct. The collar utilizes the Thomson Seatpost bolt, washer and barrel nut combination that has proven to be strong over the years. This fastener combination allows float on both sides of the collar slot ensuring consistent clamping force. The bolt hole angle, height of the collar and offset slot all help create a collar that generates maximum clamping force at only 25 inch pounds of fastener torque. We recommend them for use with dropper seatposts for this very reason, as minimal clamp torque will prolong the service life of a dropper seatpost. Approximate weight 26 grams Made in the USA 12mm tall | Thomson | Seatpost Clamp | Silver | 31. 8Mm",Sporting Goods > Outdoor Recreation > Cycling > Bicycle Parts > Bicycle Seatpost Clamps,Components > Seatposts > Seatpost Clamps,https://www.jensonusa.com/thomson-seatpost-clamp-silver-318mm,"https://www.jensonusa.com/cdn-cgi/image/width=1000,quality=70,format=auto,fit=contain/globalassets/product-images---all-assets/thomson/se298f00-silver.jpg",New,in stock,9999,,Thomson,875850005617,SE298F00SIL  31.8,SE298F00,Silver,,One Size,,,,,"Cross Country, Mountain, Road, Trail / All-Mountain",0,https://www.jensonusa.com/thomson-seatpost-clamp
SE298F00SIL  35.0,Thomson | Seatpost Clamp | Silver | 34.9Mm,"Thomson Seatpost Clamp Great looks, great clamping, long life and no squeaking. The perfect addition to your Thomson Cockpit. The Thomson Seatpost Collar has several features that make it distinct. The collar utilizes the Thomson Seatpost bolt, washer and barrel nut combination that has proven to be strong over the years. This fastener combination allows float on both sides of the collar slot ensuring consistent clamping force. The bolt hole angle, height of the collar and offset slot all help create a collar that generates maximum clamping force at only 25 inch pounds of fastener torque. We recommend them for use with dropper seatposts for this very reason, as minimal clamp torque will prolong the service life of a dropper seatpost. Approximate weight 26 grams Made in the USA 12mm tall | Thomson | Seatpost Clamp | Silver | 34. 9Mm",Sporting Goods > Outdoor Recreation > Cycling > Bicycle Parts > Bicycle Seatpost Clamps,Components > Seatposts > Seatpost Clamps,https://www.jensonusa.com/thomson-seatpost-clamp-black-large,"https://www.jensonusa.com/cdn-cgi/image/width=1000,quality=70,format=auto,fit=contain/globalassets/product-images---all-assets/thomson/se298f00-silver.jpg",New,in stock,9999,,Thomson,875850005631,SE298F00SIL  35.0,SE298F00,Silver,,L,,,,,"Cross Country, Mountain, Road, Trail / All-Mountain",0,https://www.jensonusa.com/thomson-seatpost-clamp
SE298F00BLK  31.8,Thomson | Seatpost Clamp | Black | 31.8Mm,"Thomson Seatpost Clamp Great looks, great clamping, long life and no squeaking. The perfect addition to your Thomson Cockpit. The Thomson Seatpost Collar has several features that make it distinct. The collar utilizes the Thomson Seatpost bolt, washer and barrel nut combination that has proven to be strong over the years. This fastener combination allows float on both sides of the collar slot ensuring consistent clamping force. The bolt hole angle, height of the collar and offset slot all help create a collar that generates maximum clamping force at only 25 inch pounds of fastener torque. We recommend them for use with dropper seatposts for this very reason, as minimal clamp torque will prolong the service life of a dropper seatpost. Approximate weight 26 grams Made in the USA 12mm tall | Thomson | Seatpost Clamp | Black | 31. 8Mm",Sporting Goods > Outdoor Recreation > Cycling > Bicycle Parts > Bicycle Seatpost Clamps,Components > Seatposts > Seatpost Clamps,https://www.jensonusa.com/thomson-seatpost-clamp-black-318mm,"https://www.jensonusa.com/cdn-cgi/image/width=1000,quality=70,format=auto,fit=contain/globalassets/product-images---all-assets/thomson/se298f00-black.jpg",New,in stock,9999,,Thomson,875850005600,SE298F00BLK  31.8,SE298F00,Black,,One Size,,,,,"Cross Country, Mountain, Road, Trail / All-Mountain",0,https://www.jensonusa.com/thomson-seatpost-clamp
SE298F00SIL  28.6,Thomson | Seatpost Clamp | Silver | 28.6Mm,"Thomson Seatpost Clamp Great looks, great clamping, long life and no squeaking. The perfect addition to your Thomson Cockpit. The Thomson Seatpost Collar has several features that make it distinct. The collar utilizes the Thomson Seatpost bolt, washer and barrel nut combination that has proven to be strong over the years. This fastener combination allows float on both sides of the collar slot ensuring consistent clamping force. The bolt hole angle, height of the collar and offset slot all help create a collar that generates maximum clamping force at only 25 inch pounds of fastener torque. We recommend them for use with dropper seatposts for this very reason, as minimal clamp torque will prolong the service life of a dropper seatpost. Approximate weight 26 grams Made in the USA 12mm tall | Thomson | Seatpost Clamp | Silver | 28. 6Mm",Sporting Goods > Outdoor Recreation > Cycling > Bicycle Parts > Bicycle Seatpost Clamps,Components > Seatposts > Seatpost Clamps,https://www.jensonusa.com/thomson-seatpost-clamp-silver-286mm,"https://www.jensonusa.com/cdn-cgi/image/width=1000,quality=70,format=auto,fit=contain/globalassets/product-images---all-assets/thomson/se298f00-silver.jpg",New,in stock,9999,,Thomson,875850005570,SE298F00SIL  28.6,SE298F00,Silver,,One Size,,,,,"Cross Country, Mountain, Road, Trail / All-Mountain",0,https://www.jensonusa.com/thomson-seatpost-clamp
SE298F00BLK  35.0,Thomson | Seatpost Clamp | Black | 34.9Mm,"Thomson Seatpost Clamp Great looks, great clamping, long life and no squeaking. The perfect addition to your Thomson Cockpit. The Thomson Seatpost Collar has several features that make it distinct. The collar utilizes the Thomson Seatpost bolt, washer and barrel nut combination that has proven to be strong over the years. This fastener combination allows float on both sides of the collar slot ensuring consistent clamping force. The bolt hole angle, height of the collar and offset slot all help create a collar that generates maximum clamping force at only 25 inch pounds of fastener torque. We recommend them for use with dropper seatposts for this very reason, as minimal clamp torque will prolong the service life of a dropper seatpost. Approximate weight 26 grams Made in the USA 12mm tall | Thomson | Seatpost Clamp | Black | 34. 9Mm",Sporting Goods > Outdoor Recreation > Cycling > Bicycle Parts > Bicycle Seatpost Clamps,Components > Seatposts > Seatpost Clamps,https://www.jensonusa.com/thomson-seatpost-clamp-black-349mm,"https://www.jensonusa.com/cdn-cgi/image/width=1000,quality=70,format=auto,fit=contain/globalassets/product-images---all-assets/thomson/se298f00-black.jpg",New,in stock,9999,,Thomson,875850005624,SE298F00BLK  35.0,SE298F00,Black,,One Size,,,,,"Cross Country, Mountain, Road, Trail / All-Mountain",0,https://www.jensonusa.com/thomson-seatpost-clamp
SE298F00BLK  36.4,Thomson | Seatpost Clamp | Black | 36.4Mm,"Thomson Seatpost Clamp Great looks, great clamping, long life and no squeaking. The perfect addition to your Thomson Cockpit. The Thomson Seatpost Collar has several features that make it distinct. The collar utilizes the Thomson Seatpost bolt, washer and barrel nut combination that has proven to be strong over the years. This fastener combination allows float on both sides of the collar slot ensuring consistent clamping force. The bolt hole angle, height of the collar and offset slot all help create a collar that generates maximum clamping force at only 25 inch pounds of fastener torque. We recommend them for use with dropper seatposts for this very reason, as minimal clamp torque will prolong the service life of a dropper seatpost. Approximate weight 26 grams Made in the USA 12mm tall | Thomson | Seatpost Clamp | Black | 36. 4Mm",Sporting Goods > Outdoor Recreation > Cycling > Bicycle Parts > Bicycle Seatpost Clamps,Components > Seatposts > Seatpost Clamps,https://www.jensonusa.com/thomson-seatpost-clamp-black-364mm,"https://www.jensonusa.com/cdn-cgi/image/width=1000,quality=70,format=auto,fit=contain/globalassets/product-images---all-assets/thomson/se298f00-black.jpg",New,in stock,9999,,Thomson,875850006386,SC-E105 Black,SE298F00,Black,,One Size,,,,,"Cross Country, Mountain, Road, Trail / All-Mountain",0,https://www.jensonusa.com/thomson-seatpost-clamp
SE298F00BLK  37.4,Thomson | Seatpost Clamp | Black | 37.4Mm,"Thomson Seatpost Clamp Great looks, great clamping, long life and no squeaking. The perfect addition to your Thomson Cockpit. The Thomson Seatpost Collar has several features that make it distinct. The collar utilizes the Thomson Seatpost bolt, washer and barrel nut combination that has proven to be strong over the years. This fastener combination allows float on both sides of the collar slot ensuring consistent clamping force. The bolt hole angle, height of the collar and offset slot all help create a collar that generates maximum clamping force at only 25 inch pounds of fastener torque. We recommend them for use with dropper seatposts for this very reason, as minimal clamp torque will prolong the service life of a dropper seatpost. Approximate weight 26 grams Made in the USA 12mm tall | Thomson | Seatpost Clamp | Black | 36. 4Mm",Sporting Goods > Outdoor Recreation > Cycling > Bicycle Parts > Bicycle Seatpost Clamps,Components > Seatposts > Seatpost Clamps,https://www.jensonusa.com/thomson-seatpost-clamp-black-364mm,"https://www.jensonusa.com/cdn-cgi/image/width=1000,quality=70,format=auto,fit=contain/globalassets/product-images---all-assets/thomson/se298f00-black.jpg",New,in stock,9999,,Thomson,875850006387,SC-E105 Black,SE298F00,Black,,One Size,,,,,"Cross Country, Mountain, Road, Trail / All-Mountain",0,https://www.jensonusa.com/thomson-seatpost-clamp
