id,title,description,google_product_category,product_type,link,image_link,condition,availability,price,sale_price,brand,gtin,mpn,item_group_id,color,material,size,gender,age_group,shipping_weight,expiration_date,Intended_use,sale_flag
PE406Z11BLK  4    PAIR,"Shimano | Sh51 Spd Cleats | Black | 4 Deg, Pair, Fits Sh 51","Shimano SH51 SPD Cleats Time To Clip In Ready for your next dirt adventure? Nothing compares to the feel and confidence of new cleats. The Shimano SM-SH51 Cleat Set replaces old and worn cleats to have you feeling brand new again. With 4° of float, you can swing your heel out to unclip. Replacement Shimano SH51 SPD Cleats. These cleats come standard on most Shimano SPD (mountain bike style) pedals. Features Float: 4°Fits: Shimano SPD MTB-style pedals Bolt Pattern: SPD 2-bolt pattern | Shimano | Sh51 Spd Cleats | Black | 4 Deg, Pair, Fits Sh 51",Sporting Goods > Outdoor Recreation > Cycling > Bicycle Parts > Bicycle Drivetrain Parts > Bicycle Pedals,Components > Pedals > Cleats,https://www.jensonusa.com/shimano-sh51-spd-cleats-black-4-deg-pair-fits-sh-51,"https://www.jensonusa.com/cdn-cgi/image/width=1000,quality=70,format=auto,fit=contain/globalassets/product-images---all-assets/shimano/pe406z11-black.jpg",New,in stock,27,23,Shimano,4524667073161,ISMSH51A,PE406Z11,Black,,One Size,,,,,"Cross Country, Trail / All-Mountain, Enduro",1
SN406B00BRAS 1.8  12,"Dt Swiss | Prolock Spoke Nipples 1.8 X 12Mm | Black | Brass Nipples, Box 100","Dt Swiss Prolock Spoke Nipples DT Swiss Pro Lock nipples are injected with Loctite to form a durable bond with spokes. Cold forged and machined for strength. Features32 nipples weight about 10 grams (alloy), 30 grams (brass)Options2. 0 X 14mm Alloy Black Hex Head2. 0 X 14mm Alloy Red Hex Head2. 0 X 12mm Black Brass Nipples1. 8 X 12mm Black Brass Nipples2. 0 X 12mm Black Alloy Nipples2. 0 X 16mm Black Alloy Nipples | Dt Swiss | Prolock Spoke Nipples 1. 8 X 12Mm | Black | Brass Nipples, Box 100",Sporting Goods > Outdoor Recreation > Cycling > Bicycle Parts > Bicycle Wheel Parts,Components > Wheel Parts > Spokes & Nipples,https://www.jensonusa.com/dt-swiss-prolock-spoke-nipples-20-x-12mm-black-brass-nipples-box-100,"https://www.jensonusa.com/cdn-cgi/image/width=1000,quality=70,format=auto,fit=contain/globalassets/product-images---all-assets/dt-swiss/sn406b00.jpg",New,in stock,29.79,29.63,DT Swiss,840121054502,SN406B00BRAS 1.8  12,SN406B00,Black,,One Size,,,,,,1
SE309A01BLK  316  350,Thomson | Masterpiece Setback Seatpost | Black | 31.6 X 350Mm | Aluminum,"Its the legendary Thomson Masterpiece seatpost, in a 16mm setback design for riders/frames that need offset toward the rear of the bike. Please note: Thomson does not recommend the use of shims on their seatposts. Same proven, reliable and easy to adjust 2 bolt head 100% made in the USA The Masterpiece model offers additional machining for weight savings claimed 199 grams | Thomson | Masterpiece Setback Seatpost | Black | 31. 6 X 350Mm | Aluminum",Sporting Goods > Outdoor Recreation > Cycling > Bicycle Parts > Bicycle Seatposts,Components > Seatposts > Rigid Posts,https://www.jensonusa.com/thomson-masterpiece-setback-seatpost-black-316-x-350mm,"https://www.jensonusa.com/cdn-cgi/image/width=1000,quality=70,format=auto,fit=contain/globalassets/product-images---all-assets/thomson/se309a01-black.jpg",New,in stock,169.95,,Thomson,875850002661,SE309A01BLK  316  350,SE309A01,Black,Aluminum,One Size,,,,,Road,0
SE309A01BLK  272  330,Thomson | Masterpiece Setback Seatpost | Black | 27.2 X 330Mm | Aluminum,"Its the legendary Thomson Masterpiece seatpost, in a 16mm setback design for riders/frames that need offset toward the rear of the bike. Please note: Thomson does not recommend the use of shims on their seatposts. Same proven, reliable and easy to adjust 2 bolt head 100% made in the USA The Masterpiece model offers additional machining for weight savings claimed 199 grams | Thomson | Masterpiece Setback Seatpost | Black | 27. 2 X 330Mm | Aluminum",Sporting Goods > Outdoor Recreation > Cycling > Bicycle Parts > Bicycle Seatposts,Components > Seatposts > Rigid Posts,https://www.jensonusa.com/thomson-masterpiece-setback-seatpost-black-272-x-330mm,"https://www.jensonusa.com/cdn-cgi/image/width=1000,quality=70,format=auto,fit=contain/globalassets/product-images---all-assets/thomson/se309a01-black.jpg",New,in stock,169.95,,Thomson,875850001077,SE309A01BLK  272  330,SE309A01,Black,Aluminum,One Size,,,,,Road,0
NU308D01          CAPS,Hammer Nutrition | Race Caps Supreme 90 Capsules,"Hammer Nutrition Race Caps Supreme If you're not taking Race Caps Supreme, you simply are not getting the most out of your training! Several important substrates (""spark plugs""), such as Coenzyme Q10 (Co Q10) and idebenone, are crucial for the efficient production of energy from your food and oxygen intake. Exercise rapidly depletes these important nutrients. Taking Race Caps Supreme is like putting fresh spark plugs in your body, ensuring consistent, efficient energy production. In addition, Co Q10 and idebenone, as well as other ingredients in Race Caps Supreme, are superb antioxidants and key nutrients for cardiovascular health (idebenone is considered by many experts to be an important anti-aging nutrient, perhaps the most important one yet discovered). Other suppliers offer anemic attempts at an endurance supplement, but Race Caps Supreme stands alone as a safe, comprehensive, and effective formula promoting higher energy levels, increased endurance, and improved recovery. If there's one supplement to buy, this is it. Enhance energy and endurance Reduce muscle fatigue Increase workload capacity Enhance recovery Gluten-Free and Vegan Friendly Usage: Daily consumption on non-workout days, or before, during, and after workouts. | Hammer Nutrition | Race Caps Supreme 90 Capsules",Health & Beauty > Health Care > Fitness & Nutrition > Vitamins & Supplements,Accessories > Energy Food and Drinks > Supplements,https://www.jensonusa.com/hammer-nutrition-race-caps-supreme-90-capsules,"https://www.jensonusa.com/cdn-cgi/image/width=1000,quality=70,format=auto,fit=contain/globalassets/product-images---all-assets/hammer-nutrition/nu308d01.jpg",New,in stock,54.95,,Hammer Nutrition,602059511904,RCS,NU308D01,,,One Size,male,adult,,,,0
TL279B00     15   HEVY,"Park Tool | Pw-4 Pedal Wrench 15Mm, Heavy Duty","Park tool pw-4 pedal wrench The PW-4 professional pedal wrench is designed for heavy ""shop"" use. An oversized, asymmetrical head is made from Cro-Moly steel for superior strength and durability. While strong, the PW-4 is thin enough to access all wrench flats. Two 15mm wrench openings are oriented at 30 deg and 45 deg angles so the user can always achieve the best mechanical advantage, regardless of the pedal position. NOTE: Some pedals will have no wrench flats outboard of the crank. These pedals will use a hex socket fitting behind the axle. Features Two 15mm wrench openings at 30 degree and 45 degree angles for best mechanical advantage, regardless of pedal position Round vinyl dipped handle won't dig into the hand like flat wrenches Extra long 14"" handle provides the leverage to remove even the tightest pedals Related articles Pedal installation and removal Manufacturer Part No: PW-4 UPC: 763477005625 | Park Tool | Pw-4 Pedal Wrench 15Mm, Heavy Duty",Sporting Goods > Outdoor Recreation > Cycling > Bicycle Accessories > Bicycle Tools,Accessories > Tools & Maintenance > Tools for the Shop > Pedal Tools,https://www.jensonusa.com/park-tool-pw-4-pedal-wrench-15mm-heavy-duty,"https://www.jensonusa.com/cdn-cgi/image/width=1000,quality=70,format=auto,fit=contain/globalassets/product-images---all-assets/park-tool/tl279b00.jpg",New,in stock,46.95,,Park Tool,763477005625,PW-4,TL279B00,,,One Size,,,,,,0
TL278F03BLK  18   WREN,"Park Tool | Internal Nipple Spoke Wrenches | Black | Sw-18, Internal Wrench","Park Tool SW Series Internal Nipple Spoke Wrenches Park Tool's SW Internal Nipple Spoke Wrench Series features an extra long reach (3. 25""/8. 25cm) so you can work on deep aero rims. A dual-density ergonomically-designed grip makes the screwdriver handle easy to grip. Features 5. 0, 5. 5, and 6. 0mm hex sockets Related Articles: WHEEL AND RIM TRUING Manufacturer's Part No: SW-16, SW-16. 3, SW-17, SW-18, SW-19 UPC: 763477007308, 763477007315, 763477007322, 763477007346 | Park Tool | Internal Nipple Spoke Wrenches | Black | Sw-18, Internal Wrench",Sporting Goods > Outdoor Recreation > Cycling > Bicycle Accessories > Bicycle Tools,Accessories > Tools & Maintenance > Tools for the Shop > Wheel & Tire Tools > Spoke Wrenches,https://www.jensonusa.com/park-tool-internal-nipple-spoke-wrenches-black-sw-18-internal-wrench,"https://www.jensonusa.com/cdn-cgi/image/width=1000,quality=70,format=auto,fit=contain/globalassets/product-images---all-assets/park-tool/tl278f03blk--18---wren.jpg",New,in stock,13.95,,Park Tool,763477007322,SW-18,TL278F03,Black,,One Size,,,,,,0
TL278F03BLK  16   3,"Park Tool | Internal Nipple Spoke Wrenches | Black | Sw-16.3, Internal Wrench","Park Tool SW Series Internal Nipple Spoke Wrenches Park Tool's SW Internal Nipple Spoke Wrench Series features an extra long reach (3. 25""/8. 25cm) so you can work on deep aero rims. A dual-density ergonomically-designed grip makes the screwdriver handle easy to grip. Features 5. 0, 5. 5, and 6. 0mm hex sockets Related Articles: WHEEL AND RIM TRUING Manufacturer's Part No: SW-16, SW-16. 3, SW-17, SW-18, SW-19 UPC: 763477007308, 763477007315, 763477007322, 763477007346 | Park Tool | Internal Nipple Spoke Wrenches | Black | Sw-16. 3, Internal Wrench",Sporting Goods > Outdoor Recreation > Cycling > Bicycle Accessories > Bicycle Tools,Accessories > Tools & Maintenance > Tools for the Shop > Wheel & Tire Tools > Spoke Wrenches,https://www.jensonusa.com/park-tool-internal-nipple-spoke-wrenches-black-sw-163-internal-wrench,"https://www.jensonusa.com/cdn-cgi/image/width=1000,quality=70,format=auto,fit=contain/globalassets/product-images---all-assets/park-tool/tl278f03blk--16---3.jpg",New,in stock,13.95,,Park Tool,763477007278,SW-16.3,TL278F03,Black,,One Size,,,,,,0
BB277D00BLK  68   STAI,"Hope Technology | 68/73Mm 24Mm Bottom Bracket | Black | 68/73Mm, Stainless Steel","Hope Stainless Steel Bottom Bracket Keep your Hollow Tech II or Race Face X-type crank spinning smooth and fast by installing a Hope bottom bracket. Only the finest materials are use to create this amazing product, materials such as stainless steel bearings and cnc machined anodized alloy cups. CNC machined in Barnoldswick, England Custom stainless steel and ceramic bearings by INA of Switzerland Internal and external sealing Approximate weight 118 grams Compatible with Shimano Hollowtech II mountain cranksets(XTR, XT, LX, SLX, ect. ) and Race Face X-type cranksets 68 or 73mm bottom bracket shell | Hope Technology | 68/73Mm 24Mm Bottom Bracket | Black | 68/73Mm, Stainless Steel",Sporting Goods > Outdoor Recreation > Cycling > Bicycle Parts > Bicycle Drivetrain Parts > Bicycle Bottom Brackets,Components > Drivetrain > Bottom Brackets > Threaded,https://www.jensonusa.com/hope-6873mm-24mm-bottom-bracket-2,"https://www.jensonusa.com/cdn-cgi/image/width=1000,quality=70,format=auto,fit=contain/globalassets/product-images---all-assets/hope-technology/bb277d00-black.jpg",New,in stock,130,126.99,Hope Technology,5055168021522,BBSSXCN,BB277D00,Black,,One Size,,,,,,1
TL277A00          TOOL,Park Tool | Hcw-17 Fixed Gear Lock Ring Tool Hcw-17 Tool,"Park HCW-17 Fixed Gear Lock Ring Tool The HCW-17 features two different radius hooks for a precise fit on most fixed-gear lockrings. The HCW-17 will fit rings with an outside diameter of 41 to 44mm. Also fits BMX cassette hub lockring rings with external notches Features Double sided radius hooks Sized to fit rings with an outside diameter of 41, 42, 43, and 44mm Also fits single speed cassette hubs using lockrings with external notches 11-5/8"" (29cm) in length for excellent leverage. Manufacturer's Part No: HCW-17 UPC: 763477004178 | Park Tool | Hcw-17 Fixed Gear Lock Ring Tool Hcw-17 Tool",Sporting Goods > Outdoor Recreation > Cycling > Bicycle Accessories > Bicycle Tools,Accessories > Tools & Maintenance > Tools for the Shop > Freehub & Cog Tools,https://www.jensonusa.com/park-hcw-17-fixed-gear-lock-ring-tool-hcw-17-tool,"https://www.jensonusa.com/cdn-cgi/image/width=1000,quality=70,format=auto,fit=contain/globalassets/product-images---all-assets/park-tool/tl277a00.jpg",New,in stock,25.95,,Park Tool,763477004178,HCW-17,TL277A00,,,One Size,,,,,,0
BR261K01BLK  1700,"Shimano | Bh90-Sb Brake Hose Kit Single | Black | Sm-Bh90-Sbls 2000Mm, Saint","Shimano SM-BH90 Brake Hose Need a new brake line? This is a replacement Hose Kit for 2011 and newer Shimano Hydraulic disc brakes. This kit includes supplies for one brake. Need Shimano Mineral Oil? Shop for it here:SHIMANO MINERAL OILCompatible models include:XTR BR-M9000XTR BR-M9020XT BR-M8000SLX BR-M7000XTR BR-M980XTR BR-M988XTR BR-M985XT BR-M788XT BR-M785SLX BR-M675Deore BR-M615ZEE M645 (choose Saint SKU)Saint M820 (choose Saint SKU)Not all models may be listed. Check the service manual for your brakes to determine proper fit. Includes 1 brake hose with hydraulic fittings, compression bushings and banjo bolt2000mm in length A compatible bleed kit, bleed funnel and Shimano Mineral Brake Fluid is needed for installation. This kit does not include Shimano mineral oil and the system will need to be bled before use. | Shimano | Bh90-Sb Brake Hose Kit Single | Black | Sm-Bh90-Sbls 2000Mm, Saint",Sporting Goods > Outdoor Recreation > Cycling > Bicycle Parts > Bicycle Brake Parts,Components > Brakes & Shifters > Brake Parts & Accessories > Hydraulic Lines & Fittings,https://www.jensonusa.com/shimano-bh90-sb-brake-hose-kit-single-black-sm-bh90-sbls-2000mm-saint,"https://www.jensonusa.com/cdn-cgi/image/width=1000,quality=70,format=auto,fit=contain/globalassets/digizuite/102353-en-br261k01-black.jpg",New,in stock,61,50,Shimano,689228319721,ISMBH90SBLSL200,BR261K01,Black,,One Size,,,,,,1
BR261K01BLK  2000,"Shimano | Bh90-Sb Brake Hose Kit Single | Black | Sm-Bh90-Sbm, 2000Mm","Shimano SM-BH90 Brake Hose Need a new brake line? This is a replacement Hose Kit for 2011 and newer Shimano Hydraulic disc brakes. This kit includes supplies for one brake. Need Shimano Mineral Oil? Shop for it here:SHIMANO MINERAL OILCompatible models include:XTR BR-M9000XTR BR-M9020XT BR-M8000SLX BR-M7000XTR BR-M980XTR BR-M988XTR BR-M985XT BR-M788XT BR-M785SLX BR-M675Deore BR-M615ZEE M645 (choose Saint SKU)Saint M820 (choose Saint SKU)Not all models may be listed. Check the service manual for your brakes to determine proper fit. Includes 1 brake hose with hydraulic fittings, compression bushings and banjo bolt2000mm in length A compatible bleed kit, bleed funnel and Shimano Mineral Brake Fluid is needed for installation. This kit does not include Shimano mineral oil and the system will need to be bled before use. | Shimano | Bh90-Sb Brake Hose Kit Single | Black | Sm-Bh90-Sbm, 2000Mm",Sporting Goods > Outdoor Recreation > Cycling > Bicycle Parts > Bicycle Brake Parts,Components > Brakes & Shifters > Brake Parts & Accessories > Hydraulic Lines & Fittings,https://www.jensonusa.com/shimano-bh90-sb-brake-hose-kit-single-black-sm-bh90-sbm-2000mm,"https://www.jensonusa.com/cdn-cgi/image/width=1000,quality=70,format=auto,fit=contain/globalassets/digizuite/107425-en-br261k01_silverbanjo.jpg",New,in stock,49,35,Shimano,689228687752,ISMBH90SBML200A,BR261K01,Black,,One Size,,,,,,1
BR406Z02     135,Shimano | V-Brake Noodle Noodle 135 Dgr,"Shimano V-Brake Noodle If your V-brake is feeling sluggish, you probably need a new noodle! These are pre-lined and greased with Shimano grease. Choose the correct bend for your need. Most brake cable routings require a 90deg bend, but in tighter spots you can use a 135deg to guarantee smooth routing for great brake performance. Aluminum construction Compatible with 5mm brake cable Pre-lined and greased for slick performance and no drag | Shimano | V-Brake Noodle Noodle 135 Dgr",Sporting Goods > Outdoor Recreation > Cycling > Bicycle Parts > Bicycle Cables,Components > Cables & Housing > Crimps& Ferrules & Guides,https://www.jensonusa.com/shimano-v-brake-noodle-noodle-135-dgr,"https://www.jensonusa.com/cdn-cgi/image/width=1000,quality=70,format=auto,fit=contain/globalassets/product-images---all-assets/shimano/br406z02-----135.jpg",New,in stock,1.99,,Shimano,22255453493,ASMVBRKC,BR406Z02,Silver,,One Size,,,,,,0
BR406Z02     90,Shimano | V-Brake Noodle Noodle 90 Dgr,"Shimano V-Brake Noodle If your V-brake is feeling sluggish, you probably need a new noodle! These are pre-lined and greased with Shimano grease. Choose the correct bend for your need. Most brake cable routings require a 90deg bend, but in tighter spots you can use a 135deg to guarantee smooth routing for great brake performance. Aluminum construction Compatible with 5mm brake cable Pre-lined and greased for slick performance and no drag | Shimano | V-Brake Noodle Noodle 90 Dgr",Sporting Goods > Outdoor Recreation > Cycling > Bicycle Parts > Bicycle Cables,Components > Cables & Housing > Crimps& Ferrules & Guides,https://www.jensonusa.com/shimano-v-brake-noodle-noodle-90-dgr,"https://www.jensonusa.com/cdn-cgi/image/width=1000,quality=70,format=auto,fit=contain/globalassets/product-images---all-assets/shimano/br406z02-----90.jpg",New,in stock,1.99,,Shimano,22255453509,ASMVBRKL,BR406Z02,Silver,,One Size,,,,,,0
SE403A05BLK       30.9,Thomson | Elite Setback Seatpost | Black | 30.9 X 410 Mm Setback | Aluminum,"Thomson Elite Setback Seatpost The Elite Post The legendary design and construction of the proven Elite Seatpost by Thomson, in a layback design for riders desiring a bit more setback. The post and cradle are constructed from one piece of 7000-series aluminum. Please note: Thomson does not recommend the use of shims on their seatposts. Second-to-none quality and construction100% made in the USA! All setback posts feature 5/8"" (16mm) of setback About 265g (30. 9mm size) | Thomson | Elite Setback Seatpost | Black | 30. 9 X 410 Mm Setback | Aluminum",Sporting Goods > Outdoor Recreation > Cycling > Bicycle Parts > Bicycle Seatposts,Components > Seatposts > Rigid Posts,https://www.jensonusa.com/thomson-elite-setback-seatpost-black-309-x-410-mm-setback,"https://www.jensonusa.com/cdn-cgi/image/width=1000,quality=70,format=auto,fit=contain/globalassets/product-images---all-assets/thomson/se403a05-black.jpg",New,in stock,121.95,,Thomson,875850000872,SE403A05BLK       30.9,SE403A05,Black,Aluminum,One Size,,,,,Road,0
SE403A05BLK  27.2 410,Thomson | Elite Setback Seatpost | Black | 27.2 X 410Mm Setback | Aluminum,"Thomson Elite Setback Seatpost The Elite Post The legendary design and construction of the proven Elite Seatpost by Thomson, in a layback design for riders desiring a bit more setback. The post and cradle are constructed from one piece of 7000-series aluminum. Please note: Thomson does not recommend the use of shims on their seatposts. Second-to-none quality and construction100% made in the USA! All setback posts feature 5/8"" (16mm) of setback About 265g (30. 9mm size) | Thomson | Elite Setback Seatpost | Black | 27. 2 X 410Mm Setback | Aluminum",Sporting Goods > Outdoor Recreation > Cycling > Bicycle Parts > Bicycle Seatposts,Components > Seatposts > Rigid Posts,https://www.jensonusa.com/thomson-elite-setback-seatpost-black-272-x-410mm-setback,"https://www.jensonusa.com/cdn-cgi/image/width=1000,quality=70,format=auto,fit=contain/globalassets/product-images---all-assets/thomson/se403a05-black.jpg",New,in stock,121.95,,Thomson,875850000599,SE403A05BLK  27.2 410,SE403A05,Black,Aluminum,One Size,,,,,Road,0
SE403A05BLK  31.6 367,Thomson | Elite Setback Seatpost | Black | 31.6 X 367Mm Setback | Aluminum,"Thomson Elite Setback Seatpost The Elite Post The legendary design and construction of the proven Elite Seatpost by Thomson, in a layback design for riders desiring a bit more setback. The post and cradle are constructed from one piece of 7000-series aluminum. Please note: Thomson does not recommend the use of shims on their seatposts. Second-to-none quality and construction100% made in the USA! All setback posts feature 5/8"" (16mm) of setback About 265g (30. 9mm size) | Thomson | Elite Setback Seatpost | Black | 31. 6 X 367Mm Setback | Aluminum",Sporting Goods > Outdoor Recreation > Cycling > Bicycle Parts > Bicycle Seatposts,Components > Seatposts > Rigid Posts,https://www.jensonusa.com/thomson-elite-setback-seatpost-black-316-x-367-mm-setback,"https://www.jensonusa.com/cdn-cgi/image/width=1000,quality=70,format=auto,fit=contain/globalassets/product-images---all-assets/thomson/se403a05-black.jpg",New,in stock,121.95,,Thomson,875850000919,SE403A05BLK  31.6 367,SE403A05,Black,Aluminum,One Size,,,,,Road,0
SE403A05SIL  27.2 330,Thomson | Elite Setback Seatpost | Silver | 27.2 X 330Mm Setback | Aluminum,"Thomson Elite Setback Seatpost The Elite Post The legendary design and construction of the proven Elite Seatpost by Thomson, in a layback design for riders desiring a bit more setback. The post and cradle are constructed from one piece of 7000-series aluminum. Please note: Thomson does not recommend the use of shims on their seatposts. Second-to-none quality and construction100% made in the USA! All setback posts feature 5/8"" (16mm) of setback About 265g (30. 9mm size) | Thomson | Elite Setback Seatpost | Silver | 27. 2 X 330Mm Setback | Aluminum",Sporting Goods > Outdoor Recreation > Cycling > Bicycle Parts > Bicycle Seatposts,Components > Seatposts > Rigid Posts,https://www.jensonusa.com/thomson-elite-setback-seatpost-silver-272-x-330mm-setback,"https://www.jensonusa.com/cdn-cgi/image/width=1000,quality=70,format=auto,fit=contain/globalassets/product-images---all-assets/thomson/se403a05-silver.jpg",New,in stock,121.95,,Thomson,875850001619,SE403A05SIL  27.2 330,SE403A05,Silver,Aluminum,One Size,,,,,Road,0
SE403A05BLK  27.2 250,Thomson | Elite Setback Seatpost | Black | 27.2 X 250Mm Setback | Aluminum,"Thomson Elite Setback Seatpost The Elite Post The legendary design and construction of the proven Elite Seatpost by Thomson, in a layback design for riders desiring a bit more setback. The post and cradle are constructed from one piece of 7000-series aluminum. Please note: Thomson does not recommend the use of shims on their seatposts. Second-to-none quality and construction100% made in the USA! All setback posts feature 5/8"" (16mm) of setback About 265g (30. 9mm size) | Thomson | Elite Setback Seatpost | Black | 27. 2 X 250Mm Setback | Aluminum",Sporting Goods > Outdoor Recreation > Cycling > Bicycle Parts > Bicycle Seatposts,Components > Seatposts > Rigid Posts,https://www.jensonusa.com/thomson-elite-setback-seatpost-black-272-x-250mm-setback,"https://www.jensonusa.com/cdn-cgi/image/width=1000,quality=70,format=auto,fit=contain/globalassets/product-images---all-assets/thomson/se403a05-black.jpg",New,in stock,121.95,,Thomson,875850000544,SE403A05BLK  27.2 250,SE403A05,Black,Aluminum,One Size,,,,,Road,0
SE403A05BLK  31.6 410,Thomson | Elite Setback Seatpost | Black | 31.6 X 410Mm Setback | Aluminum,"Thomson Elite Setback Seatpost The Elite Post The legendary design and construction of the proven Elite Seatpost by Thomson, in a layback design for riders desiring a bit more setback. The post and cradle are constructed from one piece of 7000-series aluminum. Please note: Thomson does not recommend the use of shims on their seatposts. Second-to-none quality and construction100% made in the USA! All setback posts feature 5/8"" (16mm) of setback About 265g (30. 9mm size) | Thomson | Elite Setback Seatpost | Black | 31. 6 X 410Mm Setback | Aluminum",Sporting Goods > Outdoor Recreation > Cycling > Bicycle Parts > Bicycle Seatposts,Components > Seatposts > Rigid Posts,https://www.jensonusa.com/thomson-elite-setback-seatpost-black-316-x-410mm-setback,"https://www.jensonusa.com/cdn-cgi/image/width=1000,quality=70,format=auto,fit=contain/globalassets/product-images---all-assets/thomson/se403a05-black.jpg",New,in stock,121.95,,Thomson,875850000926,SE403A05BLK  31.6 410,SE403A05,Black,Aluminum,One Size,,,,,Road,0
SE403A05BLK  27.2 330,Thomson | Elite Setback Seatpost | Black | 27.2 X 330Mm Setback | Aluminum,"Thomson Elite Setback Seatpost The Elite Post The legendary design and construction of the proven Elite Seatpost by Thomson, in a layback design for riders desiring a bit more setback. The post and cradle are constructed from one piece of 7000-series aluminum. Please note: Thomson does not recommend the use of shims on their seatposts. Second-to-none quality and construction100% made in the USA! All setback posts feature 5/8"" (16mm) of setback About 265g (30. 9mm size) | Thomson | Elite Setback Seatpost | Black | 27. 2 X 330Mm Setback | Aluminum",Sporting Goods > Outdoor Recreation > Cycling > Bicycle Parts > Bicycle Seatposts,Components > Seatposts > Rigid Posts,https://www.jensonusa.com/thomson-elite-setback-seatpost-black-272-x-330mm-setback,"https://www.jensonusa.com/cdn-cgi/image/width=1000,quality=70,format=auto,fit=contain/globalassets/product-images---all-assets/thomson/se403a05-black.jpg",New,in stock,121.95,,Thomson,875850000568,SE403A05BLK  27.2 330,SE403A05,Black,Aluminum,One Size,,,,,Road,0
SE403A05BLK  30.9 367,Thomson | Elite Setback Seatpost | Black | 30.9 X 367Mm Setback | Aluminum,"Thomson Elite Setback Seatpost The Elite Post The legendary design and construction of the proven Elite Seatpost by Thomson, in a layback design for riders desiring a bit more setback. The post and cradle are constructed from one piece of 7000-series aluminum. Please note: Thomson does not recommend the use of shims on their seatposts. Second-to-none quality and construction100% made in the USA! All setback posts feature 5/8"" (16mm) of setback About 265g (30. 9mm size) | Thomson | Elite Setback Seatpost | Black | 30. 9 X 367Mm Setback | Aluminum",Sporting Goods > Outdoor Recreation > Cycling > Bicycle Parts > Bicycle Seatposts,Components > Seatposts > Rigid Posts,https://www.jensonusa.com/thomson-elite-setback-seatpost-black-309-x-367-mm-setback,"https://www.jensonusa.com/cdn-cgi/image/width=1000,quality=70,format=auto,fit=contain/globalassets/product-images---all-assets/thomson/se403a05-black.jpg",New,in stock,121.95,,Thomson,875850000858,SE403A05BLK  30.9 367,SE403A05,Black,Aluminum,One Size,,,,,Road,0
RA308A00BLK  26   REAR,"Surly | Rear Rack Cromoly | Black | Rear 26""- 29""","Surly Nice Rack Cromoly Surly Nice Racks are expedition-quality bicycle racks for extended touring, camping, etc. The Surly Rack is made from high quality tubular cromoly steel that is built to take abuse and carry a heavy load. Great for anything from commuting to cross-continental globe trekking, the Surly Nice Rack is so much more than ""nice. "" Incredibly strong chromoly steel construction (most cheap racks are aluminum). Chromoly means that in the unlikely event of a failure, you can likely find someone to weld it back together Powder coated for corrosion resistance Includes stainless steel hardware In general, these racks dont fit bikes with disc brakes or suspension, with the exception of Surly disc brake compatible bikes (Ogre, Troll, Disc Trucker). Front racks mount to forks with mid-blade eyelets - about 165mm from the dropout. Most quality touring forks have these. Hardware is included to help them fit forks without eyelets. Rear racks are height-adjustable and has a wide platform to improve carry capacity Front rack weight: 3lbs 13 oz (with mounting hardware) Front rack load capacity: 70lbs Rear rack weight: 2 lbs 9 oz (with mounting hardware) Rear rack load capacity: 80lbs | Surly | Rear Rack Cromoly | Black | Rear 26""- 29""",Sporting Goods > Outdoor Recreation > Cycling > Bicycle Accessories > Bicycle Front & Rear Racks,Accessories > Commuting & Touring > Racks,https://www.jensonusa.com/surly-rear-rack-cromoly-black-large,"https://www.jensonusa.com/cdn-cgi/image/width=1000,quality=70,format=auto,fit=contain/globalassets/product-images---all-assets/surly/ra308a00blk--26---rear.jpg",New,in stock,155,,Surly,708752033979,RA308A00BLK  26   REAR,RA308A00,Black,,L,,,,,,0
SL308A00     6    REAR,"Sram | Mrx Comp Grip Shifter 6 Speed, Rear, Shimano Mtn","SRAM MRX Comp Grip Shifter Get a Grip Whether your ride of choice includes gently rolling terrain or fast downhill descents, the MRX will follow you there with a crisp, positive response on your shifts. The SRAM MRX Comp is a grip twist shifter that is compatible with Shimano rear derailleurs. It features a 1:2 cable pull ratio and comes with a 1900mm cable and a 2012mm cable. The shifters also include handlebar clamps. Features Compatible with Shimano rear derailleurs Shifter Front Derailleur Compatibility: Mountain Triple(friction or index)Weight(claimed): 51 g Drivetrain Spacing: 6, 7 or 8-Speed | Sram | Mrx Comp Grip Shifter 6 Speed, Rear, Shimano Mtn",Sporting Goods > Outdoor Recreation > Cycling > Bicycle Parts > Bicycle Brake Parts,Components > Brakes & Shifters > Mountain Brakes & Shifters > Mountain Shifters,https://www.jensonusa.com/sram-mrx-comp-grip-shifter-6-speed-rear-shimano-mtn,"https://www.jensonusa.com/cdn-cgi/image/width=1000,quality=70,format=auto,fit=contain/globalassets/product-images---all-assets/sram/sl308a00.jpg",New,in stock,9,,SRAM,710845006500,00.0000.200.650,SL308A00,Black,,One Size,,,,,,0
SL308A00     MCRO FR,"Sram | Mrx Comp Grip Shifter Microfriction, Front","SRAM MRX Comp Grip Shifter Get a Grip Whether your ride of choice includes gently rolling terrain or fast downhill descents, the MRX will follow you there with a crisp, positive response on your shifts. The SRAM MRX Comp is a grip twist shifter that is compatible with Shimano rear derailleurs. It features a 1:2 cable pull ratio and comes with a 1900mm cable and a 2012mm cable. The shifters also include handlebar clamps. Features Compatible with Shimano rear derailleurs Shifter Front Derailleur Compatibility: Mountain Triple(friction or index)Weight(claimed): 51 g Drivetrain Spacing: 6, 7 or 8-Speed | Sram | Mrx Comp Grip Shifter Microfriction, Front",Sporting Goods > Outdoor Recreation > Cycling > Bicycle Parts > Bicycle Brake Parts,Components > Brakes & Shifters > Mountain Brakes & Shifters > Mountain Shifters,https://www.jensonusa.com/sram-mrx-comp-grip-shifter-microfriction-front,"https://www.jensonusa.com/cdn-cgi/image/width=1000,quality=70,format=auto,fit=contain/globalassets/product-images---all-assets/sram/sl308a00.jpg",New,in stock,12,,SRAM,710845006524,00.0000.200.652,SL308A00,Black,,One Size,,,,,,0
SL308A00     8    REAR,"Sram | Mrx Comp Grip Shifter 8 Speed, Rear, Shimano Mtn","SRAM MRX Comp Grip Shifter Get a Grip Whether your ride of choice includes gently rolling terrain or fast downhill descents, the MRX will follow you there with a crisp, positive response on your shifts. The SRAM MRX Comp is a grip twist shifter that is compatible with Shimano rear derailleurs. It features a 1:2 cable pull ratio and comes with a 1900mm cable and a 2012mm cable. The shifters also include handlebar clamps. Features Compatible with Shimano rear derailleurs Shifter Front Derailleur Compatibility: Mountain Triple(friction or index)Weight(claimed): 51 g Drivetrain Spacing: 6, 7 or 8-Speed | Sram | Mrx Comp Grip Shifter 8 Speed, Rear, Shimano Mtn",Sporting Goods > Outdoor Recreation > Cycling > Bicycle Parts > Bicycle Brake Parts,Components > Brakes & Shifters > Mountain Brakes & Shifters > Mountain Shifters,https://www.jensonusa.com/sram-mrx-comp-grip-shifter-8-speed-rear-shimano-mtn,"https://www.jensonusa.com/cdn-cgi/image/width=1000,quality=70,format=auto,fit=contain/globalassets/product-images---all-assets/sram/sl308a00.jpg",New,in stock,15,,SRAM,710845006487,00.0000.200.648,SL308A00,Black,,One Size,,,,,,0
SE405C00     298,Problem Solvers | Seatpost Shim Fits 27.2 Frame Size 29.8Mm,"Problem Solvers Seatpost Shim Fits 27. 2mm This shim solves the odd frame seatpost size problem. Buy the shim that fits your frame seatpost size, insert into your frame and now any 27. 2mm seatpost will fit. | Problem Solvers | Seatpost Shim Fits 27. 2 Frame Size 29. 8Mm",Sporting Goods > Outdoor Recreation > Cycling > Bicycle Parts > Bicycle Seatposts,Components > Seatposts > Seatpost & Clamp Parts,https://www.jensonusa.com/problem-solvers-seatpost-shim-fits-272-frame-size-298mm,"https://www.jensonusa.com/cdn-cgi/image/width=1000,quality=70,format=auto,fit=contain/globalassets/product-images---all-assets/problem-solvers/se405c00.jpg",New,in stock,12.5,9.99,Problem Solvers,708752011496,ST0226,SE405C00,Silver,,One Size,,,,,,1
SE405C00     304,Problem Solvers | Seatpost Shim Fits 27.2 Frame Size 30.4Mm,"Problem Solvers Seatpost Shim Fits 27. 2mm This shim solves the odd frame seatpost size problem. Buy the shim that fits your frame seatpost size, insert into your frame and now any 27. 2mm seatpost will fit. | Problem Solvers | Seatpost Shim Fits 27. 2 Frame Size 30. 4Mm",Sporting Goods > Outdoor Recreation > Cycling > Bicycle Parts > Bicycle Seatposts,Components > Seatposts > Seatpost & Clamp Parts,https://www.jensonusa.com/problem-solvers-seatpost-shim-fits-272-frame-size-304mm,"https://www.jensonusa.com/cdn-cgi/image/width=1000,quality=70,format=auto,fit=contain/globalassets/product-images---all-assets/problem-solvers/se405c00.jpg",New,in stock,12.5,9.99,Problem Solvers,708752011526,SE405C00     304,SE405C00,Silver,,One Size,,,,,,1
SE405C00     292,Problem Solvers | Seatpost Shim Fits 27.2 Frame Size 29.2Mm,"Problem Solvers Seatpost Shim Fits 27. 2mm This shim solves the odd frame seatpost size problem. Buy the shim that fits your frame seatpost size, insert into your frame and now any 27. 2mm seatpost will fit. | Problem Solvers | Seatpost Shim Fits 27. 2 Frame Size 29. 2Mm",Sporting Goods > Outdoor Recreation > Cycling > Bicycle Parts > Bicycle Seatposts,Components > Seatposts > Seatpost & Clamp Parts,https://www.jensonusa.com/problem-solvers-seatpost-shim-fits-272-frame-size-292mm,"https://www.jensonusa.com/cdn-cgi/image/width=1000,quality=70,format=auto,fit=contain/globalassets/product-images---all-assets/problem-solvers/se405c00.jpg",New,in stock,12.5,9.99,Problem Solvers,708752009899,SE405C00     292,SE405C00,Silver,,One Size,,,,,,1
GR707B00TEAL,Cinelli | Cork Bar Tape Celeste,"Cinelli Cork Handlebar Tape Put a Cork in it Cinelli is one of the oldest names in cycling, and their handlebar tape's history stretches back to the days of yore! Cinelli's famous tape is still the preferred choice for many pro cyclists. Embellish your classic bike build or give your modern bike that old-school cool with Cinelli Cork bar tape. Cork bar tape has a classic great feel and just the right amount of cushioning and grip. It offers a no-slip grip, with natural sweat absorption and insulative properties, to keep your hands on your bars in ultimate comfort, in any condition! Formulated from a blend of natural cork and synthetic foam, the self-adhesive tape applies easily to your bars and stays there. You can decide how much cushioning you want by stretching or relaxing the tape during wrapping. Each unit contains enough tape for one set of handlebars, as well as finishing tape and plastic end plugs embellished with the Cinelli ""Winged C"" logo. Available in a bevy of colors to match your style. Features The original self-adhesive cork bar tape Natural/Synthetic Formulation Includes ending tape and black plastic end plugs | Cinelli | Cork Bar Tape Celeste",Sporting Goods > Outdoor Recreation > Cycling > Bicycle Accessories > Bicycle Handlebar Grips & Decor,Components > Grips & Tape > Handlebar Tape,https://www.jensonusa.com/cinelli-cork-bar-tape-black-100mm-tapered-9mm-qr,"https://www.jensonusa.com/cdn-cgi/image/width=1000,quality=70,format=auto,fit=contain/globalassets/product-images---all-assets/cinelli/gr707b00-celeste.jpg",New,in stock,13.99,13.84,Cinelli,8058774823877,NMCORKCE,GR707B00,Celeste,,One Size,,,,,,1
GR707B00BLU,Cinelli | Cork Bar Tape Blue,"Cinelli Cork Handlebar Tape Put a Cork in it Cinelli is one of the oldest names in cycling, and their handlebar tape's history stretches back to the days of yore! Cinelli's famous tape is still the preferred choice for many pro cyclists. Embellish your classic bike build or give your modern bike that old-school cool with Cinelli Cork bar tape. Cork bar tape has a classic great feel and just the right amount of cushioning and grip. It offers a no-slip grip, with natural sweat absorption and insulative properties, to keep your hands on your bars in ultimate comfort, in any condition! Formulated from a blend of natural cork and synthetic foam, the self-adhesive tape applies easily to your bars and stays there. You can decide how much cushioning you want by stretching or relaxing the tape during wrapping. Each unit contains enough tape for one set of handlebars, as well as finishing tape and plastic end plugs embellished with the Cinelli ""Winged C"" logo. Available in a bevy of colors to match your style. Features The original self-adhesive cork bar tape Natural/Synthetic Formulation Includes ending tape and black plastic end plugs | Cinelli | Cork Bar Tape Blue",Sporting Goods > Outdoor Recreation > Cycling > Bicycle Accessories > Bicycle Handlebar Grips & Decor,Components > Grips & Tape > Handlebar Tape,https://www.jensonusa.com/cinelli-cork-bar-tape-turquoise-small,"https://www.jensonusa.com/cdn-cgi/image/width=1000,quality=70,format=auto,fit=contain/globalassets/product-images---all-assets/cinelli/gr707b00-blue.jpg",New,in stock,13.99,,Cinelli,8058774823853,GR707B00BLU,GR707B00,Blue,,S,,,,,,0
GR707B00YEL,Cinelli | Cork Bar Tape Yellow,"Cinelli Cork Handlebar Tape Put a Cork in it Cinelli is one of the oldest names in cycling, and their handlebar tape's history stretches back to the days of yore! Cinelli's famous tape is still the preferred choice for many pro cyclists. Embellish your classic bike build or give your modern bike that old-school cool with Cinelli Cork bar tape. Cork bar tape has a classic great feel and just the right amount of cushioning and grip. It offers a no-slip grip, with natural sweat absorption and insulative properties, to keep your hands on your bars in ultimate comfort, in any condition! Formulated from a blend of natural cork and synthetic foam, the self-adhesive tape applies easily to your bars and stays there. You can decide how much cushioning you want by stretching or relaxing the tape during wrapping. Each unit contains enough tape for one set of handlebars, as well as finishing tape and plastic end plugs embellished with the Cinelli ""Winged C"" logo. Available in a bevy of colors to match your style. Features The original self-adhesive cork bar tape Natural/Synthetic Formulation Includes ending tape and black plastic end plugs | Cinelli | Cork Bar Tape Yellow",Sporting Goods > Outdoor Recreation > Cycling > Bicycle Accessories > Bicycle Handlebar Grips & Decor,Components > Grips & Tape > Handlebar Tape,https://www.jensonusa.com/cinelli-cork-bar-tape-16oz-30wt,"https://www.jensonusa.com/cdn-cgi/image/width=1000,quality=70,format=auto,fit=contain/globalassets/product-images---all-assets/cinelli/gr707b00-yellow.jpg",New,in stock,13.99,,Cinelli,8058774823884,75538,GR707B00,Yellow,,One Size,,,,,,0
GR707B00BLK,Cinelli | Cork Bar Tape Black,"Cinelli Cork Handlebar Tape Put a Cork in it Cinelli is one of the oldest names in cycling, and their handlebar tape's history stretches back to the days of yore! Cinelli's famous tape is still the preferred choice for many pro cyclists. Embellish your classic bike build or give your modern bike that old-school cool with Cinelli Cork bar tape. Cork bar tape has a classic great feel and just the right amount of cushioning and grip. It offers a no-slip grip, with natural sweat absorption and insulative properties, to keep your hands on your bars in ultimate comfort, in any condition! Formulated from a blend of natural cork and synthetic foam, the self-adhesive tape applies easily to your bars and stays there. You can decide how much cushioning you want by stretching or relaxing the tape during wrapping. Each unit contains enough tape for one set of handlebars, as well as finishing tape and plastic end plugs embellished with the Cinelli ""Winged C"" logo. Available in a bevy of colors to match your style. Features The original self-adhesive cork bar tape Natural/Synthetic Formulation Includes ending tape and black plastic end plugs | Cinelli | Cork Bar Tape Black",Sporting Goods > Outdoor Recreation > Cycling > Bicycle Accessories > Bicycle Handlebar Grips & Decor,Components > Grips & Tape > Handlebar Tape,https://www.jensonusa.com/cinelli-cork-bar-tape-midnight-black,"https://www.jensonusa.com/cdn-cgi/image/width=1000,quality=70,format=auto,fit=contain/globalassets/product-images---all-assets/cinelli/gr707b00-black.jpg",New,in stock,13.99,,Cinelli,8058774823945,NM CORK N,GR707B00,Black,,One Size,,,,,,0
GR707B00LBLU,Cinelli | Cork Bar Tape Blue Prince/light Blue,"Cinelli Cork Handlebar Tape Put a Cork in it Cinelli is one of the oldest names in cycling, and their handlebar tape's history stretches back to the days of yore! Cinelli's famous tape is still the preferred choice for many pro cyclists. Embellish your classic bike build or give your modern bike that old-school cool with Cinelli Cork bar tape. Cork bar tape has a classic great feel and just the right amount of cushioning and grip. It offers a no-slip grip, with natural sweat absorption and insulative properties, to keep your hands on your bars in ultimate comfort, in any condition! Formulated from a blend of natural cork and synthetic foam, the self-adhesive tape applies easily to your bars and stays there. You can decide how much cushioning you want by stretching or relaxing the tape during wrapping. Each unit contains enough tape for one set of handlebars, as well as finishing tape and plastic end plugs embellished with the Cinelli ""Winged C"" logo. Available in a bevy of colors to match your style. Features The original self-adhesive cork bar tape Natural/Synthetic Formulation Includes ending tape and black plastic end plugs | Cinelli | Cork Bar Tape Blue Prince/light Blue",Sporting Goods > Outdoor Recreation > Cycling > Bicycle Accessories > Bicycle Handlebar Grips & Decor,Components > Grips & Tape > Handlebar Tape,https://www.jensonusa.com/cinelli-cork-bar-tape-15mm-heavy-duty,"https://www.jensonusa.com/cdn-cgi/image/width=1000,quality=70,format=auto,fit=contain/globalassets/product-images---all-assets/cinelli/gr707b00-light-blue.jpg",New,in stock,13.99,,Cinelli,8058774823860,NMCORKBP,GR707B00,Light Blue,,One Size,,,,,,0
GR707B00BLCF,Cinelli | Cork Bar Tape | Blue Jean | Cork,"Cinelli Cork Handlebar Tape Put a Cork in it Cinelli is one of the oldest names in cycling, and their handlebar tape's history stretches back to the days of yore! Cinelli's famous tape is still the preferred choice for many pro cyclists. Embellish your classic bike build or give your modern bike that old-school cool with Cinelli Cork bar tape. Cork bar tape has a classic great feel and just the right amount of cushioning and grip. It offers a no-slip grip, with natural sweat absorption and insulative properties, to keep your hands on your bars in ultimate comfort, in any condition! Formulated from a blend of natural cork and synthetic foam, the self-adhesive tape applies easily to your bars and stays there. You can decide how much cushioning you want by stretching or relaxing the tape during wrapping. Each unit contains enough tape for one set of handlebars, as well as finishing tape and plastic end plugs embellished with the Cinelli ""Winged C"" logo. Available in a bevy of colors to match your style. Features The original self-adhesive cork bar tape Natural/Synthetic Formulation Includes ending tape and black plastic end plugs | Cinelli | Cork Bar Tape | Blue Jean | Cork",Sporting Goods > Outdoor Recreation > Cycling > Bicycle Accessories > Bicycle Handlebar Grips & Decor,Components > Grips & Tape > Handlebar Tape,https://www.jensonusa.com/cinelli-cork-bar-tape-bolt-blue-medium,"https://www.jensonusa.com/cdn-cgi/image/width=1000,quality=70,format=auto,fit=contain/globalassets/product-images---all-assets/cinelli/gr707b00-blue-jean.jpg",New,in stock,13.99,12.99,Cinelli,8058774823907,NMCORKJ,GR707B00,Blue Jean,,M,,,,,,1
BG310A00     6901,"Phil Wood | Sealed Cartridge Bearing 6901, I.d. 12Mm, O.d. 24Mm, 6Mm","Phil Wood Sealed Cartridge Bearing If youre going to all that trouble to tear down a component for bearing replacement, why not do it right? Phil Wood makes some of the best bearings going and are a perfect upgrade when you seek performance and durability. Bearing Sizes6001 Sealed Cartridge Bearing6902 Sealed Cartridge Bearing6903 Sealed Cartridge Bearing6000 Sealed Cartridge Bearing R8 Sealed Cartridge Bearing6200 Sealed Cartridge Bearing6802, I. D. 15mm, O. D. 24mm, 5mm6901, I. D. 12mm, O. D. 24mm, 6mm | Phil Wood | Sealed Cartridge Bearing 6901, I. d. 12Mm, O. d. 24Mm, 6Mm",Sporting Goods > Outdoor Recreation > Cycling > Bicycle Accessories,Components > Replacement Bearings,https://www.jensonusa.com/phil-wood-sealed-cartridge-bearing-6901-id-12mm-od-24mm-6mm,"https://www.jensonusa.com/cdn-cgi/image/width=1000,quality=70,format=auto,fit=contain/globalassets/product-images---all-assets/phil-wood/bg310a00.jpg",New,in stock,16.1,13.68,Phil Wood,,PW-43901,BG310A00,,,One Size,male,adult,,,,1
BG310A00          02,Phil Wood | Sealed Cartridge Bearing 6902 Sealed Cartridge Bearing,"Phil Wood Sealed Cartridge Bearing If youre going to all that trouble to tear down a component for bearing replacement, why not do it right? Phil Wood makes some of the best bearings going and are a perfect upgrade when you seek performance and durability. Bearing Sizes6001 Sealed Cartridge Bearing6902 Sealed Cartridge Bearing6903 Sealed Cartridge Bearing6000 Sealed Cartridge Bearing R8 Sealed Cartridge Bearing6200 Sealed Cartridge Bearing6802, I. D. 15mm, O. D. 24mm, 5mm6901, I. D. 12mm, O. D. 24mm, 6mm | Phil Wood | Sealed Cartridge Bearing 6902 Sealed Cartridge Bearing",Sporting Goods > Outdoor Recreation > Cycling > Bicycle Accessories,Components > Replacement Bearings,https://www.jensonusa.com/phil-wood-sealed-cartridge-bearing-6902-sealed-cartridge-bearing,"https://www.jensonusa.com/cdn-cgi/image/width=1000,quality=70,format=auto,fit=contain/globalassets/product-images---all-assets/phil-wood/bg310a00.jpg",New,in stock,15.25,,Phil Wood,,PW-43902,BG310A00,,,One Size,male,adult,,,,0
PE408Z02          FLO,"Shimano | Spd-Sl Road Cleat Set W/hardware Sm-Sh11 Spd-Sl Cleat Set, Floating Type","Shimano SPD-SL Road Cleat Set W/Hardware Nothing works like Shimano SPD-SL Cleats! Keep your kicks and your pedal engagement fresh by choosing the best cleat on the market. This cleat set includes mounting bolts and hardware. Choose Floating, yellow cleats with 6 degrees of float (recommended), or Fixed, red cleats with zero float. SPD-SL cleats are extra wide, low-profile cleats, made for shoes with the standard Three-hole SPD-SL / Look-style cleat mounts. Shimano SPD-SL Cleat Set W/Hardware Specifications Cleat Bolt Pattern: Three-hole SPD-SL/Look-style cleat mount Float (deg): 6 Deg (yellow), or Fixed (red) Sold as a Pair with hardware | Shimano | Spd-Sl Road Cleat Set W/hardware Sm-Sh11 Spd-Sl Cleat Set, Floating Type",Sporting Goods > Outdoor Recreation > Cycling > Bicycle Parts > Bicycle Drivetrain Parts > Bicycle Pedals,Components > Pedals > Cleats,https://www.jensonusa.com/shimano-spd-sl-road-cleat-set-whardware-sm-sh11-spd-sl-cleat-set-floating-type,"https://www.jensonusa.com/cdn-cgi/image/width=1000,quality=70,format=auto,fit=contain/globalassets/product-images---all-assets/shimano/pe408z02----------flo.jpg",New,in stock,34,25,Shimano,4524667072973,ISMSH11,PE408Z02,,,One Size,,,,,Road,1
TL305A01          BMX,Park Tool | Fr-6 Fr-6 Freewheel Remover: Bmx,"Park Tool FR-6 Freewheel Remover Heat treated alloy tool steel, one inch base fits wrench or bench vise. Thin wall construction allows use without removal of cones and locknuts. The FR-5 has 12 splines that are approximately 23. 4mm across. Features Removes four-notch BMX / single-speed freewheel from hubs with 1. 37 x 24 TPI threads The FR-6 has four notches approximately 32mm across measured inside to inside and 40mm outside to outside Fits over axles up to 16mm thread diameter Always hold the remover secure to the hub using axle nut or quick release skewer Related Articles: CASSETTE AND FREEWHEEL REMOVAL AND INSTALLATION Manufacturer's Part No: FR-6 UPC: 763477003508 | Park Tool | Fr-6 Fr-6 Freewheel Remover: Bmx",Sporting Goods > Outdoor Recreation > Cycling > Bicycle Accessories > Bicycle Tools,Accessories > Tools & Maintenance > Tools for the Shop > Freehub & Cog Tools,https://www.jensonusa.com/park-tool-fr-6-fr-6-freewheel-remover-bmx,"https://www.jensonusa.com/cdn-cgi/image/width=1000,quality=70,format=auto,fit=contain/globalassets/product-images---all-assets/park-tool/tl305a01.jpg",New,in stock,25.95,,Park Tool,763477003508,FR-6C,TL305A01,,,One Size,,,,,,0
HS400Z00BLK  11/8,"Thomson | Headset Top Cap | Black | 1 1/8""","Precision machined and laser etched in the USA by Thomson, this beautiful and durable aluminum top cap for threadless headsets will add classic style to your bike. Put the finishing touch on your Thomson setup! Suitable for any 1-1/8"" threadless steerer. Note: top cap bolt / star nut not included. | Thomson | Headset Top Cap | Black | 1 1/8""",Sporting Goods > Outdoor Recreation > Cycling > Bicycle Parts,Components > Headsets > Top Caps,https://www.jensonusa.com/thomson-headset-top-cap-black-1-18,"https://www.jensonusa.com/cdn-cgi/image/width=1000,quality=70,format=auto,fit=contain/globalassets/product-images---all-assets/thomson/hs400z00-black.jpg",New,in stock,9.95,,Thomson,875850000384,HS400Z00BLK  11/8,HS400Z00,Black,,One Size,,adult,,,,0
CA298A02SS   4445 SHIM,"Jagwire | Sport Derailleur Cable, Tandem Stainless, 4445Mm, Shimano Head","Jagwire Slick Derailleur Cables are slick wires that are die-extruded and pre-stretched for smooth operation. Single-ended wires feature a weld-cut for ease of installation Unit of Sale: Each Width: 1. 1 mm | Jagwire | Sport Derailleur Cable, Tandem Stainless, 4445Mm, Shimano Head",Sporting Goods > Outdoor Recreation > Cycling > Bicycle Parts > Bicycle Drivetrain Parts > Bicycle Derailleurs,Components > Cables & Housing > Shifter Cables & Housing,https://www.jensonusa.com/jagwire-sport-derailleur-cable-tandem-stainless-4445mm-shimano-head,"https://www.jensonusa.com/cdn-cgi/image/width=1000,quality=70,format=auto,fit=contain/globalassets/product-images---all-assets/jagwire/ca298a02.jpg",New,in stock,11.99,,Jagwire,4715910021163,CA298A02SS   4445 SHIM,CA298A02,Silver,,One Size,,,,,Road,0
BB283D00          6873,"Race Face | Team Xc X-Type Bottom Bracket 68/73Mm, External Bottom Bracket","Race Face Team XC External Bottom Bracket Keep it spinning The high-end Race Face X-Type Team XC external bottom bracket has been totally redesigned and upgraded! Bearings, sealing and machining precision have all been improved to create a smoother-running, longer-lasting BB that is now fully-serviceable! Including cryogenically-treated, black oxide-coated races, with a premium bearing design that utilizes grade 5 chromium steel ball bearings, keeping things spinning smoothly for seasons to come. Still interchangeable with all current and past Race Face external BB cranksets, as well as select Shimano and FSA external mountain BB systems with 24mm diameter spindles. Features Compatible with common bottom bracket standards 68 and 73mm wide bottom bracket shells with BSA threading Highly-durable cryogenically treated, black oxide-coated races Premium bearing design using grade 5 chromium steel ball bearings Injected with Phil Wood waterproof grease for long-lasting lubrication Includes bottom bracket spacers to dial-in the perfect adjustment | Race Face | Team Xc X-Type Bottom Bracket 68/73Mm, External Bottom Bracket",Sporting Goods > Outdoor Recreation > Cycling > Bicycle Parts > Bicycle Drivetrain Parts > Bicycle Bottom Brackets,Components > Drivetrain > Bottom Brackets > Threaded,https://www.jensonusa.com/race-face-team-xc-x-type-bottom-bracket-6873mm-external-bottom-bracket,"https://www.jensonusa.com/cdn-cgi/image/width=1000,quality=70,format=auto,fit=contain/globalassets/product-images---all-assets/race-face/bb283d00.jpg",New,in stock,44.99,,Race Face,821973139760,BBXTTMXC,BB283D00,Aluminum,,One Size,,,,,,0
CS307C00STEE 15T,"Shimano | Mx66 Bmx Single Cassette Cogs Steel, 15 Tooth","Replacement cogs for Shimano cassette hubs (or other 1 gear applications, like singlespeed MTBs) Fits standard Shimano cassette bodies Steel 3/32"" NOT FOR USE WITH 1/8"" CHAINS | Shimano | Mx66 Bmx Single Cassette Cogs Steel, 15 Tooth",Sporting Goods > Outdoor Recreation > Cycling > Bicycle Parts > Bicycle Drivetrain Parts > Bicycle Cassettes & Freewheels,Components > Drivetrain > Cassettes & Cogs > Single Speed Cogs,https://www.jensonusa.com/shimano-mx66-bmx-single-cassette-cogs-steel-15-tooth,"https://www.jensonusa.com/cdn-cgi/image/width=1000,quality=70,format=auto,fit=contain/globalassets/product-images---all-assets/shimano/cs307c00.jpg",New,in stock,15,,Shimano,689228007482,ICSMX6615,CS307C00,,,One Size,,,,,,0
CS307C00STEE 18T,"Shimano | Mx66 Bmx Single Cassette Cogs Steel, 18 Tooth","Replacement cogs for Shimano cassette hubs (or other 1 gear applications, like singlespeed MTBs) Fits standard Shimano cassette bodies Steel 3/32"" NOT FOR USE WITH 1/8"" CHAINS | Shimano | Mx66 Bmx Single Cassette Cogs Steel, 18 Tooth",Sporting Goods > Outdoor Recreation > Cycling > Bicycle Parts > Bicycle Drivetrain Parts > Bicycle Cassettes & Freewheels,Components > Drivetrain > Cassettes & Cogs > Single Speed Cogs,https://www.jensonusa.com/shimano-mx66-bmx-single-cassette-cogs-steel-18-tooth,"https://www.jensonusa.com/cdn-cgi/image/width=1000,quality=70,format=auto,fit=contain/globalassets/product-images---all-assets/shimano/cs307c00.jpg",New,in stock,15,,Shimano,6892280075052,ICSMX6618,CS307C00,,,One Size,,,,,,0
GI302M01BL/B,Park Tool | Bo-2 Bottle Opener Bo-2 Bottle Opener,The Park Tools BO-2 bottle opener is a handy dishwasher safe bottle opener. | Park Tool | Bo-2 Bottle Opener Bo-2 Bottle Opener,Home & Garden > Kitchen & Dining > Food & Beverage Carriers > Water Bottles,Accessories > Books& Movies & Gifts > Beverage Accessories,https://www.jensonusa.com/park-tool-bo-2-bottle-opener-bo-2-bottle-opener,"https://www.jensonusa.com/cdn-cgi/image/width=1000,quality=70,format=auto,fit=contain/globalassets/product-images---all-assets/park-tool/gi302m01.jpg",New,in stock,9.95,,Park Tool,763477000767,BO-2,GI302M01,Blue,,One Size,,,,,,0
TL301J00RED,"Park Tool | Spa-1 And Spa-2 Pin Spanners Spa-2, Red","Park Toll SPA-1, SPA-2 Pin spanners The green handled SPA-1 fits adjusting cup on many adjustable type bottom brackets. The pin ends are round with a diameter of 2. 9mm. Park Tool Pin Spanners have been designed to give maximum usefulness and versatility at the lowest possible cost. Tough, high carbon tool steel is used on each tool to ensure long life. Handle is vinyl coated to give a good grip. Each Pin Spanner is color coated for easy recognition. The red handled SPA-2 will fit one-key release retaining rings on Shimano® and Campagnolo® cranksets and the adjusting cone on most freewheel clusters (not freehubs). Adjusts to a wide range of pin hole widths. Pin diameter is nominally 0. 090"" (2. 3mm). Tough, high carbon tool steel is used on each tool to ensure long life. Handle is vinyl coated to give a good grip. Each Pin Spanner is color coated for easy recognition. Features Vinyl coated for good grip High carbon steel is super durable SPA-1 round pin ends are 2. 9mm diameter SPA-2 round pin ends are 2. 3mm diameter Related Articles: FREEWHEEL-DESTRUCTIVE REMOVAL CRANK REMOVAL AND INSTALLATION: SELF EXTRACTING BOTTOM BRACKET SERVICE: ADJUSTABLE TYPE CHAIN TENSION TANDEM FRONT END Manufacturer's Part No: SPA-1, SPA-2 UPC: 763477006738, 763477006752 | Park Tool | Spa-1 And Spa-2 Pin Spanners Spa-2, Red",Sporting Goods > Outdoor Recreation > Cycling > Bicycle Accessories > Bicycle Tools,Accessories > Tools & Maintenance > Tools for the Shop > Bottom Bracket Tools,https://www.jensonusa.com/park-tool-spa-1-and-spa-2-pin-spanners-spa-2-red,"https://www.jensonusa.com/cdn-cgi/image/width=1000,quality=70,format=auto,fit=contain/globalassets/product-images---all-assets/park-tool/tl301j00red.jpg",New,in stock,13.95,,Park Tool,763477006752,SPA-2,TL301J00,Red,,One Size,,,,,,0
TL301J00GRN,"Park Tool | Spa-1 And Spa-2 Pin Spanners Spa-1, Green","Park Toll SPA-1, SPA-2 Pin spanners The green handled SPA-1 fits adjusting cup on many adjustable type bottom brackets. The pin ends are round with a diameter of 2. 9mm. Park Tool Pin Spanners have been designed to give maximum usefulness and versatility at the lowest possible cost. Tough, high carbon tool steel is used on each tool to ensure long life. Handle is vinyl coated to give a good grip. Each Pin Spanner is color coated for easy recognition. The red handled SPA-2 will fit one-key release retaining rings on Shimano® and Campagnolo® cranksets and the adjusting cone on most freewheel clusters (not freehubs). Adjusts to a wide range of pin hole widths. Pin diameter is nominally 0. 090"" (2. 3mm). Tough, high carbon tool steel is used on each tool to ensure long life. Handle is vinyl coated to give a good grip. Each Pin Spanner is color coated for easy recognition. Features Vinyl coated for good grip High carbon steel is super durable SPA-1 round pin ends are 2. 9mm diameter SPA-2 round pin ends are 2. 3mm diameter Related Articles: FREEWHEEL-DESTRUCTIVE REMOVAL CRANK REMOVAL AND INSTALLATION: SELF EXTRACTING BOTTOM BRACKET SERVICE: ADJUSTABLE TYPE CHAIN TENSION TANDEM FRONT END Manufacturer's Part No: SPA-1, SPA-2 UPC: 763477006738, 763477006752 | Park Tool | Spa-1 And Spa-2 Pin Spanners Spa-1, Green",Sporting Goods > Outdoor Recreation > Cycling > Bicycle Accessories > Bicycle Tools,Accessories > Tools & Maintenance > Tools for the Shop > Bottom Bracket Tools,https://www.jensonusa.com/park-tool-spa-1-and-spa-2-pin-spanners-spa-1-green,"https://www.jensonusa.com/cdn-cgi/image/width=1000,quality=70,format=auto,fit=contain/globalassets/product-images---all-assets/park-tool/tl301j00grn.jpg",New,in stock,13.95,,Park Tool,763477006738,SPA-1,TL301J00,Green,,One Size,,,,,,0
TI299A01BLK  26   2.4,"Maxxis | Ardent 26"" Tire 2.40"" Dc/exo/tr","The Maxxis Ardent has an aggressive tread in a high volume casing. It was designed with getting exception traction. The Ardent has large block style side knobs offering numerous edges for high speed cornering. The center tread is ideal for braking and accelerating traction. It also features ramped knobs to minimize rolling resistance. This version of the Ardent features a high TPI and special compound configuration to provide lightweight advantages and exceptional traction. 26x2. 25Folding bead Published weight 650 grams Recommended pressure 35-65 psi Compound - 60a Single ply26x2. 4Folding bead Published weight 815 grams Recommended pressure 35-65 psi Compound 60a Single ply29x2. 25Folding bead Published weight 770 grams Recommended pressure 30-55 psi Compound 60a Single ply29x2. 4Folding bead Published weight 795 grams Recommended pressure 30-55 psi Compound 60a Single ply Tires labeled ""EXO"" feature a proprietary woven material based sidewall, offering increased abrasion and cut resistance for optimal performance. Tires labeld ""MAXXPRO"" offer Maxxis 60A compound, allowing a softer (more grip) tire to still offer long tread life. | Maxxis | Ardent 26"" Tire 2. 40"" Dc/exo/tr",Sporting Goods > Outdoor Recreation > Cycling > Bicycle Parts > Bicycle Tires,Components > Bike Tires > Dirt Tires,https://www.jensonusa.com/maxxis-ardent-26-tire-240-dcexotr,"https://www.jensonusa.com/cdn-cgi/image/width=1000,quality=70,format=auto,fit=contain/globalassets/product-images---all-assets/maxxis/ti299a01-black.jpg",New,in stock,69,41.94,Maxxis,4717784020686,TB72917100,TI299A01,Black,,One Size,,,,,Mountain,1
HU298B02BLK  150  REAR,Dt Swiss | Xd End Caps For 135Mm Hubs | Black | 135Mm Qr: 240/350/440 Hub,"DT SWISS XD END CAPS FOR 135MM HUBSCOMING TO AN ENDThere are many situations where you would want end caps for your wheels. Often times, riders will have multiple bikes but will have one pair of wheels that have the potential to fit both frames. All that is need is a pair of end caps so the wheels will fit properly. The DT Swiss XD End Caps For 135mm Hubs is designed to work with DT Swiss 240, 350, and 440 hubs. There are multiple sizes, so make sure you choose the pair that works best with your frame and axle standards. Features Designed to work with 240, 350, and 440 hubs | Dt Swiss | Xd End Caps For 135Mm Hubs | Black | 135Mm Qr: 240/350/440 Hub",Sporting Goods > Outdoor Recreation > Cycling > Bicycle Parts > Bicycle Wheel Parts,Components > Wheel Parts > End Caps & Conversion Kits,https://www.jensonusa.com/dt-swiss-xd-end-caps-for-135mm-hubs-black-135mm-qr-240350440-hub,"https://www.jensonusa.com/cdn-cgi/image/width=1000,quality=70,format=auto,fit=contain/globalassets/digizuite/40521-en-hu298b02_qr.jpg",New,in stock,47.7,,DT Swiss,7630024346148,HWGXXX00S3115S,HU298B02,Black,,One Size,,adult,,,,0