SKU,BaseCode,Name,PDP URL,Price(B2C US),BaseCurve,BridgeSize,EyeSize,ImageUrl,FrameColor,LensColor,LensGradient,LensMaterial,ReaderPower,StockLevel,StockStatus,Description
MM103-001,MM103,MYMAUI STINGRAY,https://www.mauijim.com/shop/sunglasses/wrap/stingray,289,8,21,56,https://images.mauijim.com/mymaui/103/MM103-001_front.jpg,Gloss Black,Neutral Grey,Bi-Gradient,MauiBrilliant,0,1841,inStock,"Inspired by encounters with the rare and gentle stingrays of Hawaii, the Stingray wrap sunglasses from Maui Jim are subtle in their magnificence. Made with a durable acetate frame and glare-free, polarized lenses ready to tackle any activity."
MM103-002,MM103,MYMAUI STINGRAY,https://www.mauijim.com/shop/sunglasses/wrap/stingray,289,8,21,56,https://images.mauijim.com/mymaui/103/MM103-002_front.jpg,Gloss Black,HCL® Bronze,Bi-Gradient,MauiBrilliant,0,1841,inStock,"Inspired by encounters with the rare and gentle stingrays of Hawaii, the Stingray wrap sunglasses from Maui Jim are subtle in their magnificence. Made with a durable acetate frame and glare-free, polarized lenses ready to tackle any activity."
MM103-003,MM103,MYMAUI STINGRAY,https://www.mauijim.com/shop/sunglasses/wrap/stingray,289,8,21,56,https://images.mauijim.com/mymaui/103/MM103-003_front.jpg,Gloss Black,Maui HT™,Bi-Gradient,MauiBrilliant,0,1841,inStock,"Inspired by encounters with the rare and gentle stingrays of Hawaii, the Stingray wrap sunglasses from Maui Jim are subtle in their magnificence. Made with a durable acetate frame and glare-free, polarized lenses ready to tackle any activity."
MM103-004,MM103,MYMAUI STINGRAY,https://www.mauijim.com/shop/sunglasses/wrap/stingray,289,8,21,56,https://images.mauijim.com/mymaui/103/MM103-004_front.jpg,Gloss Black,Maui Rose®,Bi-Gradient,MauiBrilliant,0,1841,inStock,"Inspired by encounters with the rare and gentle stingrays of Hawaii, the Stingray wrap sunglasses from Maui Jim are subtle in their magnificence. Made with a durable acetate frame and glare-free, polarized lenses ready to tackle any activity."
MM103-005,MM103,MYMAUI STINGRAY,https://www.mauijim.com/shop/sunglasses/wrap/stingray,289,8,21,56,https://images.mauijim.com/mymaui/103/MM103-005_front.jpg,Tortoise,Neutral Grey,Bi-Gradient,MauiBrilliant,0,1841,inStock,"Inspired by encounters with the rare and gentle stingrays of Hawaii, the Stingray wrap sunglasses from Maui Jim are subtle in their magnificence. Made with a durable acetate frame and glare-free, polarized lenses ready to tackle any activity."
MM103-006,MM103,MYMAUI STINGRAY,https://www.mauijim.com/shop/sunglasses/wrap/stingray,289,8,21,56,https://images.mauijim.com/mymaui/103/MM103-006_front.jpg,Tortoise,HCL® Bronze,Bi-Gradient,MauiBrilliant,0,1841,inStock,"Inspired by encounters with the rare and gentle stingrays of Hawaii, the Stingray wrap sunglasses from Maui Jim are subtle in their magnificence. Made with a durable acetate frame and glare-free, polarized lenses ready to tackle any activity."
MM103-007,MM103,MYMAUI STINGRAY,https://www.mauijim.com/shop/sunglasses/wrap/stingray,289,8,21,56,https://images.mauijim.com/mymaui/103/MM103-007_front.jpg,Tortoise,Maui HT™,Bi-Gradient,MauiBrilliant,0,1841,inStock,"Inspired by encounters with the rare and gentle stingrays of Hawaii, the Stingray wrap sunglasses from Maui Jim are subtle in their magnificence. Made with a durable acetate frame and glare-free, polarized lenses ready to tackle any activity."
MM103-008,MM103,MYMAUI STINGRAY,https://www.mauijim.com/shop/sunglasses/wrap/stingray,289,8,21,56,https://images.mauijim.com/mymaui/103/MM103-008_front.jpg,Tortoise,Maui Rose®,Bi-Gradient,MauiBrilliant,0,1841,inStock,"Inspired by encounters with the rare and gentle stingrays of Hawaii, the Stingray wrap sunglasses from Maui Jim are subtle in their magnificence. Made with a durable acetate frame and glare-free, polarized lenses ready to tackle any activity."
MM103-009,MM103,MYMAUI STINGRAY,https://www.mauijim.com/shop/sunglasses/wrap/stingray,289,8,21,56,https://images.mauijim.com/mymaui/103/MM103-009_front.jpg,Tortoise,Neutral Grey,Bi-Gradient,SuperThin Glass,0,1841,inStock,"Inspired by encounters with the rare and gentle stingrays of Hawaii, the Stingray wrap sunglasses from Maui Jim are subtle in their magnificence. Made with a durable acetate frame and glare-free, polarized lenses ready to tackle any activity."
MM103-010,MM103,MYMAUI STINGRAY,https://www.mauijim.com/shop/sunglasses/wrap/stingray,289,8,21,56,https://images.mauijim.com/mymaui/103/MM103-010_front.jpg,Crystal Matte,Neutral Grey,Bi-Gradient,MauiBrilliant,0,1841,inStock,"Inspired by encounters with the rare and gentle stingrays of Hawaii, the Stingray wrap sunglasses from Maui Jim are subtle in their magnificence. Made with a durable acetate frame and glare-free, polarized lenses ready to tackle any activity."
MM103-011,MM103,MYMAUI STINGRAY,https://www.mauijim.com/shop/sunglasses/wrap/stingray,289,8,21,56,https://images.mauijim.com/mymaui/103/MM103-011_front.jpg,Crystal Matte,HCL® Bronze,Bi-Gradient,MauiBrilliant,0,1841,inStock,"Inspired by encounters with the rare and gentle stingrays of Hawaii, the Stingray wrap sunglasses from Maui Jim are subtle in their magnificence. Made with a durable acetate frame and glare-free, polarized lenses ready to tackle any activity."
MM103-012,MM103,MYMAUI STINGRAY,https://www.mauijim.com/shop/sunglasses/wrap/stingray,289,8,21,56,https://images.mauijim.com/mymaui/103/MM103-012_front.jpg,Crystal Matte,Maui Rose®,Bi-Gradient,MauiBrilliant,0,1841,inStock,"Inspired by encounters with the rare and gentle stingrays of Hawaii, the Stingray wrap sunglasses from Maui Jim are subtle in their magnificence. Made with a durable acetate frame and glare-free, polarized lenses ready to tackle any activity."
MM103-013,MM103,MYMAUI STINGRAY,https://www.mauijim.com/shop/sunglasses/wrap/stingray,289,8,21,56,https://images.mauijim.com/mymaui/103/MM103-013_front.jpg,Crystal Matte,Maui HT™,Bi-Gradient,MauiBrilliant,0,1841,inStock,"Inspired by encounters with the rare and gentle stingrays of Hawaii, the Stingray wrap sunglasses from Maui Jim are subtle in their magnificence. Made with a durable acetate frame and glare-free, polarized lenses ready to tackle any activity."
MM103-016,MM103,MYMAUI STINGRAY,https://www.mauijim.com/shop/sunglasses/wrap/stingray,289,8,21,56,https://images.mauijim.com/mymaui/103/MM103-016_front.jpg,Crystal Matte,Neutral Grey,Bi-Gradient,SuperThin Glass,0,1841,inStock,"Inspired by encounters with the rare and gentle stingrays of Hawaii, the Stingray wrap sunglasses from Maui Jim are subtle in their magnificence. Made with a durable acetate frame and glare-free, polarized lenses ready to tackle any activity."
MM103-017,MM103,MYMAUI STINGRAY,https://www.mauijim.com/shop/sunglasses/wrap/stingray,289,8,21,56,https://images.mauijim.com/mymaui/103/MM103-017_front.jpg,Crystal Matte,HCL® Bronze,Bi-Gradient,SuperThin Glass,0,1841,inStock,"Inspired by encounters with the rare and gentle stingrays of Hawaii, the Stingray wrap sunglasses from Maui Jim are subtle in their magnificence. Made with a durable acetate frame and glare-free, polarized lenses ready to tackle any activity."
MM103-025,MM103,MYMAUI STINGRAY,https://www.mauijim.com/shop/sunglasses/wrap/stingray,289,8,21,56,https://images.mauijim.com/mymaui/103/MM103-025_front.jpg,Gloss Black,MAUI Sunrise,Full Mirror,MauiBrilliant,0,1841,inStock,"Inspired by encounters with the rare and gentle stingrays of Hawaii, the Stingray wrap sunglasses from Maui Jim are subtle in their magnificence. Made with a durable acetate frame and glare-free, polarized lenses ready to tackle any activity."
MM103-027,MM103,MYMAUI STINGRAY,https://www.mauijim.com/shop/sunglasses/wrap/stingray,289,8,21,56,https://images.mauijim.com/mymaui/103/MM103-027_front.jpg,Crystal Matte,MAUI Sunrise,Full Mirror,MauiBrilliant,0,1841,inStock,"Inspired by encounters with the rare and gentle stingrays of Hawaii, the Stingray wrap sunglasses from Maui Jim are subtle in their magnificence. Made with a durable acetate frame and glare-free, polarized lenses ready to tackle any activity."
MM103-028,MM103,MYMAUI STINGRAY,https://www.mauijim.com/shop/sunglasses/wrap/stingray,289,8,21,56,https://images.mauijim.com/mymaui/103/MM103-028_front.jpg,Tortoise,MAUI Sunrise,Full Mirror,MauiBrilliant,0,586,inStock,"Inspired by encounters with the rare and gentle stingrays of Hawaii, the Stingray wrap sunglasses from Maui Jim are subtle in their magnificence. Made with a durable acetate frame and glare-free, polarized lenses ready to tackle any activity."
MM103-029,MM103,MYMAUI STINGRAY,https://www.mauijim.com/shop/sunglasses/wrap/stingray,289,8,21,56,https://images.mauijim.com/mymaui/103/MM103-029_front.jpg,Tortoise,Blue Hawaii,Full Mirror,MauiBrilliant,0,586,inStock,"Inspired by encounters with the rare and gentle stingrays of Hawaii, the Stingray wrap sunglasses from Maui Jim are subtle in their magnificence. Made with a durable acetate frame and glare-free, polarized lenses ready to tackle any activity."
MM103-030,MM103,MYMAUI STINGRAY,https://www.mauijim.com/shop/sunglasses/wrap/stingray,289,8,21,56,https://images.mauijim.com/mymaui/103/MM103-030_front.jpg,Gloss Black,HAWAII LAVA™,Full Mirror,MauiBrilliant,0,1841,inStock,"Inspired by encounters with the rare and gentle stingrays of Hawaii, the Stingray wrap sunglasses from Maui Jim are subtle in their magnificence. Made with a durable acetate frame and glare-free, polarized lenses ready to tackle any activity."
MM103-032,MM103,MYMAUI STINGRAY,https://www.mauijim.com/shop/sunglasses/wrap/stingray,289,8,21,56,https://images.mauijim.com/mymaui/103/MM103-032_front.jpg,Crystal Matte,HAWAII LAVA™,Full Mirror,MauiBrilliant,0,1841,inStock,"Inspired by encounters with the rare and gentle stingrays of Hawaii, the Stingray wrap sunglasses from Maui Jim are subtle in their magnificence. Made with a durable acetate frame and glare-free, polarized lenses ready to tackle any activity."
MM103-033,MM103,MYMAUI STINGRAY,https://www.mauijim.com/shop/sunglasses/wrap/stingray,289,8,21,56,https://images.mauijim.com/mymaui/103/MM103-033_front.jpg,Tortoise,HAWAII LAVA™,Full Mirror,MauiBrilliant,0,586,inStock,"Inspired by encounters with the rare and gentle stingrays of Hawaii, the Stingray wrap sunglasses from Maui Jim are subtle in their magnificence. Made with a durable acetate frame and glare-free, polarized lenses ready to tackle any activity."
MM103-034,MM103,MYMAUI STINGRAY,https://www.mauijim.com/shop/sunglasses/wrap/stingray,289,8,21,56,https://images.mauijim.com/mymaui/103/MM103-034_front.jpg,Gloss Black,Blue Hawaii,Full Mirror,MauiBrilliant,0,1841,inStock,"Inspired by encounters with the rare and gentle stingrays of Hawaii, the Stingray wrap sunglasses from Maui Jim are subtle in their magnificence. Made with a durable acetate frame and glare-free, polarized lenses ready to tackle any activity."
MM103-035,MM103,MYMAUI STINGRAY,https://www.mauijim.com/shop/sunglasses/wrap/stingray,289,8,21,56,https://images.mauijim.com/mymaui/103/MM103-035_front.jpg,Gloss Black,MAUIGreen®,Full Mirror,MauiBrilliant,0,1841,inStock,"Inspired by encounters with the rare and gentle stingrays of Hawaii, the Stingray wrap sunglasses from Maui Jim are subtle in their magnificence. Made with a durable acetate frame and glare-free, polarized lenses ready to tackle any activity."
MM103-037,MM103,MYMAUI STINGRAY,https://www.mauijim.com/shop/sunglasses/wrap/stingray,289,8,21,56,https://images.mauijim.com/mymaui/103/MM103-037_front.jpg,Crystal Matte,MAUIGreen®,Full Mirror,MauiBrilliant,0,1841,inStock,"Inspired by encounters with the rare and gentle stingrays of Hawaii, the Stingray wrap sunglasses from Maui Jim are subtle in their magnificence. Made with a durable acetate frame and glare-free, polarized lenses ready to tackle any activity."
MM103-038,MM103,MYMAUI STINGRAY,https://www.mauijim.com/shop/sunglasses/wrap/stingray,289,8,21,56,https://images.mauijim.com/mymaui/103/MM103-038_front.jpg,Tortoise,MAUIGreen®,Full Mirror,MauiBrilliant,0,586,inStock,"Inspired by encounters with the rare and gentle stingrays of Hawaii, the Stingray wrap sunglasses from Maui Jim are subtle in their magnificence. Made with a durable acetate frame and glare-free, polarized lenses ready to tackle any activity."
MM103-039,MM103,MYMAUI STINGRAY,https://www.mauijim.com/shop/sunglasses/wrap/stingray,289,8,21,56,https://images.mauijim.com/mymaui/103/MM103-039_front.jpg,Gloss Black,Hawaii Glow,Full Mirror,MauiBrilliant,0,1841,inStock,"Inspired by encounters with the rare and gentle stingrays of Hawaii, the Stingray wrap sunglasses from Maui Jim are subtle in their magnificence. Made with a durable acetate frame and glare-free, polarized lenses ready to tackle any activity."
MM103-040,MM103,MYMAUI STINGRAY,https://www.mauijim.com/shop/sunglasses/wrap/stingray,289,8,21,56,https://images.mauijim.com/mymaui/103/MM103-040_front.jpg,Tortoise,Hawaii Glow,Full Mirror,MauiBrilliant,0,586,inStock,"Inspired by encounters with the rare and gentle stingrays of Hawaii, the Stingray wrap sunglasses from Maui Jim are subtle in their magnificence. Made with a durable acetate frame and glare-free, polarized lenses ready to tackle any activity."
MM103-041,MM103,MYMAUI STINGRAY,https://www.mauijim.com/shop/sunglasses/wrap/stingray,289,8,21,56,https://images.mauijim.com/mymaui/103/MM103-041_front.jpg,Gloss Black,Hawaii Seashine,Full Mirror,MauiBrilliant,0,1841,inStock,"Inspired by encounters with the rare and gentle stingrays of Hawaii, the Stingray wrap sunglasses from Maui Jim are subtle in their magnificence. Made with a durable acetate frame and glare-free, polarized lenses ready to tackle any activity."
MM103-042,MM103,MYMAUI STINGRAY,https://www.mauijim.com/shop/sunglasses/wrap/stingray,289,8,21,56,https://images.mauijim.com/mymaui/103/MM103-042_front.jpg,Tortoise,Hawaii Seashine,Full Mirror,MauiBrilliant,0,586,inStock,"Inspired by encounters with the rare and gentle stingrays of Hawaii, the Stingray wrap sunglasses from Maui Jim are subtle in their magnificence. Made with a durable acetate frame and glare-free, polarized lenses ready to tackle any activity."
MR103-001,MM103,MYMAUI STINGRAY,https://www.mauijim.com/my-maui/mymaui-stingray,329,8,21,56,https://images.mauijim.com/mymaui/103/MM103-002_front.jpg,Gloss Black,HCL® Bronze,Bi-Gradient,Readers,1.5,46,inStock,"Inspired by encounters with the rare and gentle stingrays of Hawaii, the Stingray wrap sunglasses from Maui Jim are subtle in their magnificence. Made with a durable acetate frame and glare-free, polarized lenses ready to tackle any activity."
MR103-002,MM103,MYMAUI STINGRAY,https://www.mauijim.com/my-maui/mymaui-stingray,329,8,21,56,https://images.mauijim.com/mymaui/103/MM103-002_front.jpg,Gloss Black,HCL® Bronze,Bi-Gradient,Readers,2,40,inStock,"Inspired by encounters with the rare and gentle stingrays of Hawaii, the Stingray wrap sunglasses from Maui Jim are subtle in their magnificence. Made with a durable acetate frame and glare-free, polarized lenses ready to tackle any activity."
MR103-003,MM103,MYMAUI STINGRAY,https://www.mauijim.com/my-maui/mymaui-stingray,329,8,21,56,https://images.mauijim.com/mymaui/103/MM103-002_front.jpg,Gloss Black,HCL® Bronze,Bi-Gradient,Readers,2.5,56,inStock,"Inspired by encounters with the rare and gentle stingrays of Hawaii, the Stingray wrap sunglasses from Maui Jim are subtle in their magnificence. Made with a durable acetate frame and glare-free, polarized lenses ready to tackle any activity."
MR103-004,MM103,MYMAUI STINGRAY,https://www.mauijim.com/my-maui/mymaui-stingray,329,8,21,56,https://images.mauijim.com/mymaui/103/MM103-003_front.jpg,Gloss Black,Maui HT™,Bi-Gradient,Readers,1.5,92,inStock,"Inspired by encounters with the rare and gentle stingrays of Hawaii, the Stingray wrap sunglasses from Maui Jim are subtle in their magnificence. Made with a durable acetate frame and glare-free, polarized lenses ready to tackle any activity."
MR103-005,MM103,MYMAUI STINGRAY,https://www.mauijim.com/my-maui/mymaui-stingray,329,8,21,56,https://images.mauijim.com/mymaui/103/MM103-003_front.jpg,Gloss Black,Maui HT™,Bi-Gradient,Readers,2,89,inStock,"Inspired by encounters with the rare and gentle stingrays of Hawaii, the Stingray wrap sunglasses from Maui Jim are subtle in their magnificence. Made with a durable acetate frame and glare-free, polarized lenses ready to tackle any activity."
MR103-006,MM103,MYMAUI STINGRAY,https://www.mauijim.com/my-maui/mymaui-stingray,329,8,21,56,https://images.mauijim.com/mymaui/103/MM103-003_front.jpg,Gloss Black,Maui HT™,Bi-Gradient,Readers,2.5,94,inStock,"Inspired by encounters with the rare and gentle stingrays of Hawaii, the Stingray wrap sunglasses from Maui Jim are subtle in their magnificence. Made with a durable acetate frame and glare-free, polarized lenses ready to tackle any activity."
MR103-007,MM103,MYMAUI STINGRAY,https://www.mauijim.com/my-maui/mymaui-stingray,329,8,21,56,https://images.mauijim.com/mymaui/103/MM103-001_front.jpg,Gloss Black,Neutral Grey,Bi-Gradient,Readers,1.5,999,inStock,"Inspired by encounters with the rare and gentle stingrays of Hawaii, the Stingray wrap sunglasses from Maui Jim are subtle in their magnificence. Made with a durable acetate frame and glare-free, polarized lenses ready to tackle any activity."
MR103-008,MM103,MYMAUI STINGRAY,https://www.mauijim.com/my-maui/mymaui-stingray,329,8,21,56,https://images.mauijim.com/mymaui/103/MM103-001_front.jpg,Gloss Black,Neutral Grey,Bi-Gradient,Readers,2,999,inStock,"Inspired by encounters with the rare and gentle stingrays of Hawaii, the Stingray wrap sunglasses from Maui Jim are subtle in their magnificence. Made with a durable acetate frame and glare-free, polarized lenses ready to tackle any activity."
MR103-009,MM103,MYMAUI STINGRAY,https://www.mauijim.com/my-maui/mymaui-stingray,329,8,21,56,https://images.mauijim.com/mymaui/103/MM103-001_front.jpg,Gloss Black,Neutral Grey,Bi-Gradient,Readers,2.5,999,inStock,"Inspired by encounters with the rare and gentle stingrays of Hawaii, the Stingray wrap sunglasses from Maui Jim are subtle in their magnificence. Made with a durable acetate frame and glare-free, polarized lenses ready to tackle any activity."
MR103-010,MM103,MYMAUI STINGRAY,https://www.mauijim.com/my-maui/mymaui-stingray,329,8,21,56,https://images.mauijim.com/mymaui/103/MM103-004_front.jpg,Gloss Black,Maui Rose®,Bi-Gradient,Readers,1.5,92,inStock,"Inspired by encounters with the rare and gentle stingrays of Hawaii, the Stingray wrap sunglasses from Maui Jim are subtle in their magnificence. Made with a durable acetate frame and glare-free, polarized lenses ready to tackle any activity."
MR103-011,MM103,MYMAUI STINGRAY,https://www.mauijim.com/my-maui/mymaui-stingray,329,8,21,56,https://images.mauijim.com/mymaui/103/MM103-004_front.jpg,Gloss Black,Maui Rose®,Bi-Gradient,Readers,2,87,inStock,"Inspired by encounters with the rare and gentle stingrays of Hawaii, the Stingray wrap sunglasses from Maui Jim are subtle in their magnificence. Made with a durable acetate frame and glare-free, polarized lenses ready to tackle any activity."
MR103-012,MM103,MYMAUI STINGRAY,https://www.mauijim.com/my-maui/mymaui-stingray,329,8,21,56,https://images.mauijim.com/mymaui/103/MM103-004_front.jpg,Gloss Black,Maui Rose®,Bi-Gradient,Readers,2.5,93,inStock,"Inspired by encounters with the rare and gentle stingrays of Hawaii, the Stingray wrap sunglasses from Maui Jim are subtle in their magnificence. Made with a durable acetate frame and glare-free, polarized lenses ready to tackle any activity."
MR103-013,MM103,MYMAUI STINGRAY,https://www.mauijim.com/my-maui/mymaui-stingray,329,8,21,56,https://images.mauijim.com/mymaui/103/MM103-006_front.jpg,Tortoise,HCL® Bronze,Bi-Gradient,Readers,1.5,999,inStock,"Inspired by encounters with the rare and gentle stingrays of Hawaii, the Stingray wrap sunglasses from Maui Jim are subtle in their magnificence. Made with a durable acetate frame and glare-free, polarized lenses ready to tackle any activity."
MR103-014,MM103,MYMAUI STINGRAY,https://www.mauijim.com/my-maui/mymaui-stingray,329,8,21,56,https://images.mauijim.com/mymaui/103/MM103-006_front.jpg,Tortoise,HCL® Bronze,Bi-Gradient,Readers,2,999,inStock,"Inspired by encounters with the rare and gentle stingrays of Hawaii, the Stingray wrap sunglasses from Maui Jim are subtle in their magnificence. Made with a durable acetate frame and glare-free, polarized lenses ready to tackle any activity."
MR103-015,MM103,MYMAUI STINGRAY,https://www.mauijim.com/my-maui/mymaui-stingray,329,8,21,56,https://images.mauijim.com/mymaui/103/MM103-006_front.jpg,Tortoise,HCL® Bronze,Bi-Gradient,Readers,2.5,999,inStock,"Inspired by encounters with the rare and gentle stingrays of Hawaii, the Stingray wrap sunglasses from Maui Jim are subtle in their magnificence. Made with a durable acetate frame and glare-free, polarized lenses ready to tackle any activity."
MR103-016,MM103,MYMAUI STINGRAY,https://www.mauijim.com/my-maui/mymaui-stingray,329,8,21,56,https://images.mauijim.com/mymaui/103/MM103-007_front.jpg,Tortoise,Maui HT™,Bi-Gradient,Readers,1.5,83,inStock,"Inspired by encounters with the rare and gentle stingrays of Hawaii, the Stingray wrap sunglasses from Maui Jim are subtle in their magnificence. Made with a durable acetate frame and glare-free, polarized lenses ready to tackle any activity."
MR103-017,MM103,MYMAUI STINGRAY,https://www.mauijim.com/my-maui/mymaui-stingray,329,8,21,56,https://images.mauijim.com/mymaui/103/MM103-007_front.jpg,Tortoise,Maui HT™,Bi-Gradient,Readers,2,89,inStock,"Inspired by encounters with the rare and gentle stingrays of Hawaii, the Stingray wrap sunglasses from Maui Jim are subtle in their magnificence. Made with a durable acetate frame and glare-free, polarized lenses ready to tackle any activity."
MR103-018,MM103,MYMAUI STINGRAY,https://www.mauijim.com/my-maui/mymaui-stingray,329,8,21,56,https://images.mauijim.com/mymaui/103/MM103-007_front.jpg,Tortoise,Maui HT™,Bi-Gradient,Readers,2.5,89,inStock,"Inspired by encounters with the rare and gentle stingrays of Hawaii, the Stingray wrap sunglasses from Maui Jim are subtle in their magnificence. Made with a durable acetate frame and glare-free, polarized lenses ready to tackle any activity."
MR103-019,MM103,MYMAUI STINGRAY,https://www.mauijim.com/my-maui/mymaui-stingray,329,8,21,56,https://images.mauijim.com/mymaui/103/MM103-009_front.jpg,Tortoise,Neutral Grey,Bi-Gradient,Readers,1.5,89,inStock,"Inspired by encounters with the rare and gentle stingrays of Hawaii, the Stingray wrap sunglasses from Maui Jim are subtle in their magnificence. Made with a durable acetate frame and glare-free, polarized lenses ready to tackle any activity."
MR103-020,MM103,MYMAUI STINGRAY,https://www.mauijim.com/my-maui/mymaui-stingray,329,8,21,56,https://images.mauijim.com/mymaui/103/MM103-009_front.jpg,Tortoise,Neutral Grey,Bi-Gradient,Readers,2,80,inStock,"Inspired by encounters with the rare and gentle stingrays of Hawaii, the Stingray wrap sunglasses from Maui Jim are subtle in their magnificence. Made with a durable acetate frame and glare-free, polarized lenses ready to tackle any activity."
MR103-021,MM103,MYMAUI STINGRAY,https://www.mauijim.com/my-maui/mymaui-stingray,329,8,21,56,https://images.mauijim.com/mymaui/103/MM103-009_front.jpg,Tortoise,Neutral Grey,Bi-Gradient,Readers,2.5,86,inStock,"Inspired by encounters with the rare and gentle stingrays of Hawaii, the Stingray wrap sunglasses from Maui Jim are subtle in their magnificence. Made with a durable acetate frame and glare-free, polarized lenses ready to tackle any activity."
MR103-022,MM103,MYMAUI STINGRAY,https://www.mauijim.com/my-maui/mymaui-stingray,329,8,21,56,https://images.mauijim.com/mymaui/103/MM103-008_front.jpg,Tortoise,Maui Rose®,Bi-Gradient,Readers,1.5,96,inStock,"Inspired by encounters with the rare and gentle stingrays of Hawaii, the Stingray wrap sunglasses from Maui Jim are subtle in their magnificence. Made with a durable acetate frame and glare-free, polarized lenses ready to tackle any activity."
MR103-023,MM103,MYMAUI STINGRAY,https://www.mauijim.com/my-maui/mymaui-stingray,329,8,21,56,https://images.mauijim.com/mymaui/103/MM103-008_front.jpg,Tortoise,Maui Rose®,Bi-Gradient,Readers,2,97,inStock,"Inspired by encounters with the rare and gentle stingrays of Hawaii, the Stingray wrap sunglasses from Maui Jim are subtle in their magnificence. Made with a durable acetate frame and glare-free, polarized lenses ready to tackle any activity."
MR103-024,MM103,MYMAUI STINGRAY,https://www.mauijim.com/my-maui/mymaui-stingray,329,8,21,56,https://images.mauijim.com/mymaui/103/MM103-008_front.jpg,Tortoise,Maui Rose®,Bi-Gradient,Readers,2.5,94,inStock,"Inspired by encounters with the rare and gentle stingrays of Hawaii, the Stingray wrap sunglasses from Maui Jim are subtle in their magnificence. Made with a durable acetate frame and glare-free, polarized lenses ready to tackle any activity."
MR103-025,MM103,MYMAUI STINGRAY,https://www.mauijim.com/my-maui/mymaui-stingray,329,8,21,56,https://images.mauijim.com/mymaui/103/MM103-016_front.jpg,Crystal Matte,Neutral Grey,Bi-Gradient,Readers,1.5,98,inStock,"Inspired by encounters with the rare and gentle stingrays of Hawaii, the Stingray wrap sunglasses from Maui Jim are subtle in their magnificence. Made with a durable acetate frame and glare-free, polarized lenses ready to tackle any activity."
MR103-026,MM103,MYMAUI STINGRAY,https://www.mauijim.com/my-maui/mymaui-stingray,329,8,21,56,https://images.mauijim.com/mymaui/103/MM103-017_front.jpg,Crystal Matte,HCL® Bronze,Bi-Gradient,Readers,1.5,99,inStock,"Inspired by encounters with the rare and gentle stingrays of Hawaii, the Stingray wrap sunglasses from Maui Jim are subtle in their magnificence. Made with a durable acetate frame and glare-free, polarized lenses ready to tackle any activity."
MR103-027,MM103,MYMAUI STINGRAY,https://www.mauijim.com/my-maui/mymaui-stingray,329,8,21,56,https://images.mauijim.com/mymaui/103/MM103-012_front.jpg,Crystal Matte,Maui Rose®,Bi-Gradient,Readers,1.5,99,inStock,"Inspired by encounters with the rare and gentle stingrays of Hawaii, the Stingray wrap sunglasses from Maui Jim are subtle in their magnificence. Made with a durable acetate frame and glare-free, polarized lenses ready to tackle any activity."
MR103-028,MM103,MYMAUI STINGRAY,https://www.mauijim.com/my-maui/mymaui-stingray,329,8,21,56,https://images.mauijim.com/mymaui/103/MM103-013_front.jpg,Crystal Matte,Maui HT™,Bi-Gradient,Readers,1.5,99,inStock,"Inspired by encounters with the rare and gentle stingrays of Hawaii, the Stingray wrap sunglasses from Maui Jim are subtle in their magnificence. Made with a durable acetate frame and glare-free, polarized lenses ready to tackle any activity."
MR103-029,MM103,MYMAUI STINGRAY,https://www.mauijim.com/my-maui/mymaui-stingray,329,8,21,56,https://images.mauijim.com/mymaui/103/MM103-016_front.jpg,Crystal Matte,Neutral Grey,Bi-Gradient,Readers,2,97,inStock,"Inspired by encounters with the rare and gentle stingrays of Hawaii, the Stingray wrap sunglasses from Maui Jim are subtle in their magnificence. Made with a durable acetate frame and glare-free, polarized lenses ready to tackle any activity."
MR103-030,MM103,MYMAUI STINGRAY,https://www.mauijim.com/my-maui/mymaui-stingray,329,8,21,56,https://images.mauijim.com/mymaui/103/MM103-017_front.jpg,Crystal Matte,HCL® Bronze,Bi-Gradient,Readers,2,100,inStock,"Inspired by encounters with the rare and gentle stingrays of Hawaii, the Stingray wrap sunglasses from Maui Jim are subtle in their magnificence. Made with a durable acetate frame and glare-free, polarized lenses ready to tackle any activity."
MR103-031,MM103,MYMAUI STINGRAY,https://www.mauijim.com/my-maui/mymaui-stingray,329,8,21,56,https://images.mauijim.com/mymaui/103/MM103-012_front.jpg,Crystal Matte,Maui Rose®,Bi-Gradient,Readers,2,99,inStock,"Inspired by encounters with the rare and gentle stingrays of Hawaii, the Stingray wrap sunglasses from Maui Jim are subtle in their magnificence. Made with a durable acetate frame and glare-free, polarized lenses ready to tackle any activity."
MR103-032,MM103,MYMAUI STINGRAY,https://www.mauijim.com/my-maui/mymaui-stingray,329,8,21,56,https://images.mauijim.com/mymaui/103/MM103-013_front.jpg,Crystal Matte,Maui HT™,Bi-Gradient,Readers,2,100,inStock,"Inspired by encounters with the rare and gentle stingrays of Hawaii, the Stingray wrap sunglasses from Maui Jim are subtle in their magnificence. Made with a durable acetate frame and glare-free, polarized lenses ready to tackle any activity."
MR103-033,MM103,MYMAUI STINGRAY,https://www.mauijim.com/my-maui/mymaui-stingray,329,8,21,56,https://images.mauijim.com/mymaui/103/MM103-016_front.jpg,Crystal Matte,Neutral Grey,Bi-Gradient,Readers,2.5,99,inStock,"Inspired by encounters with the rare and gentle stingrays of Hawaii, the Stingray wrap sunglasses from Maui Jim are subtle in their magnificence. Made with a durable acetate frame and glare-free, polarized lenses ready to tackle any activity."
MR103-034,MM103,MYMAUI STINGRAY,https://www.mauijim.com/my-maui/mymaui-stingray,329,8,21,56,https://images.mauijim.com/mymaui/103/MM103-017_front.jpg,Crystal Matte,HCL® Bronze,Bi-Gradient,Readers,2.5,99,inStock,"Inspired by encounters with the rare and gentle stingrays of Hawaii, the Stingray wrap sunglasses from Maui Jim are subtle in their magnificence. Made with a durable acetate frame and glare-free, polarized lenses ready to tackle any activity."
MR103-035,MM103,MYMAUI STINGRAY,https://www.mauijim.com/my-maui/mymaui-stingray,329,8,21,56,https://images.mauijim.com/mymaui/103/MM103-012_front.jpg,Crystal Matte,Maui Rose®,Bi-Gradient,Readers,2.5,99,inStock,"Inspired by encounters with the rare and gentle stingrays of Hawaii, the Stingray wrap sunglasses from Maui Jim are subtle in their magnificence. Made with a durable acetate frame and glare-free, polarized lenses ready to tackle any activity."
MR103-036,MM103,MYMAUI STINGRAY,https://www.mauijim.com/my-maui/mymaui-stingray,329,8,21,56,https://images.mauijim.com/mymaui/103/MM103-013_front.jpg,Crystal Matte,Maui HT™,Bi-Gradient,Readers,2.5,100,inStock,"Inspired by encounters with the rare and gentle stingrays of Hawaii, the Stingray wrap sunglasses from Maui Jim are subtle in their magnificence. Made with a durable acetate frame and glare-free, polarized lenses ready to tackle any activity."
MR103-046,MM103,MYMAUI STINGRAY,https://www.mauijim.com/my-maui/mymaui-stingray,329,8,21,56,https://images.mauijim.com/mymaui/103/MM103-025_front.jpg,Gloss Black,MAUI Sunrise,Full Mirror,Readers,1.5,990,inStock,"Inspired by encounters with the rare and gentle stingrays of Hawaii, the Stingray wrap sunglasses from Maui Jim are subtle in their magnificence. Made with a durable acetate frame and glare-free, polarized lenses ready to tackle any activity."
MR103-047,MM103,MYMAUI STINGRAY,https://www.mauijim.com/my-maui/mymaui-stingray,329,8,21,56,https://images.mauijim.com/mymaui/103/MM103-025_front.jpg,Gloss Black,MAUI Sunrise,Full Mirror,Readers,2,993,inStock,"Inspired by encounters with the rare and gentle stingrays of Hawaii, the Stingray wrap sunglasses from Maui Jim are subtle in their magnificence. Made with a durable acetate frame and glare-free, polarized lenses ready to tackle any activity."
MR103-048,MM103,MYMAUI STINGRAY,https://www.mauijim.com/my-maui/mymaui-stingray,329,8,21,56,https://images.mauijim.com/mymaui/103/MM103-025_front.jpg,Gloss Black,MAUI Sunrise,Full Mirror,Readers,2.5,995,inStock,"Inspired by encounters with the rare and gentle stingrays of Hawaii, the Stingray wrap sunglasses from Maui Jim are subtle in their magnificence. Made with a durable acetate frame and glare-free, polarized lenses ready to tackle any activity."
MR103-049,MM103,MYMAUI STINGRAY,https://www.mauijim.com/my-maui/mymaui-stingray,329,8,21,56,https://images.mauijim.com/mymaui/103/MM103-027_front.jpg,Crystal Matte,MAUI Sunrise,Full Mirror,Readers,1.5,999,inStock,"Inspired by encounters with the rare and gentle stingrays of Hawaii, the Stingray wrap sunglasses from Maui Jim are subtle in their magnificence. Made with a durable acetate frame and glare-free, polarized lenses ready to tackle any activity."
MR103-050,MM103,MYMAUI STINGRAY,https://www.mauijim.com/my-maui/mymaui-stingray,329,8,21,56,https://images.mauijim.com/mymaui/103/MM103-027_front.jpg,Crystal Matte,MAUI Sunrise,Full Mirror,Readers,2,998,inStock,"Inspired by encounters with the rare and gentle stingrays of Hawaii, the Stingray wrap sunglasses from Maui Jim are subtle in their magnificence. Made with a durable acetate frame and glare-free, polarized lenses ready to tackle any activity."
MR103-051,MM103,MYMAUI STINGRAY,https://www.mauijim.com/my-maui/mymaui-stingray,329,8,21,56,https://images.mauijim.com/mymaui/103/MM103-027_front.jpg,Crystal Matte,MAUI Sunrise,Full Mirror,Readers,2.5,998,inStock,"Inspired by encounters with the rare and gentle stingrays of Hawaii, the Stingray wrap sunglasses from Maui Jim are subtle in their magnificence. Made with a durable acetate frame and glare-free, polarized lenses ready to tackle any activity."
MR103-052,MM103,MYMAUI STINGRAY,https://www.mauijim.com/my-maui/mymaui-stingray,329,8,21,56,https://images.mauijim.com/mymaui/103/MM103-028_front.jpg,Tortoise,MAUI Sunrise,Full Mirror,Readers,1.5,999,inStock,"Inspired by encounters with the rare and gentle stingrays of Hawaii, the Stingray wrap sunglasses from Maui Jim are subtle in their magnificence. Made with a durable acetate frame and glare-free, polarized lenses ready to tackle any activity."
MR103-053,MM103,MYMAUI STINGRAY,https://www.mauijim.com/my-maui/mymaui-stingray,329,8,21,56,https://images.mauijim.com/mymaui/103/MM103-028_front.jpg,Tortoise,MAUI Sunrise,Full Mirror,Readers,2,997,inStock,"Inspired by encounters with the rare and gentle stingrays of Hawaii, the Stingray wrap sunglasses from Maui Jim are subtle in their magnificence. Made with a durable acetate frame and glare-free, polarized lenses ready to tackle any activity."
MR103-054,MM103,MYMAUI STINGRAY,https://www.mauijim.com/my-maui/mymaui-stingray,329,8,21,56,https://images.mauijim.com/mymaui/103/MM103-028_front.jpg,Tortoise,MAUI Sunrise,Full Mirror,Readers,2.5,998,inStock,"Inspired by encounters with the rare and gentle stingrays of Hawaii, the Stingray wrap sunglasses from Maui Jim are subtle in their magnificence. Made with a durable acetate frame and glare-free, polarized lenses ready to tackle any activity."
MR103-073,MM103,MYMAUI STINGRAY,https://www.mauijim.com/my-maui/mymaui-stingray,329,8,21,56,https://images.mauijim.com/mymaui/103/MM103-030_front.jpg,Gloss Black,HAWAII LAVA™,Full Mirror,Readers,1.5,982,inStock,"Inspired by encounters with the rare and gentle stingrays of Hawaii, the Stingray wrap sunglasses from Maui Jim are subtle in their magnificence. Made with a durable acetate frame and glare-free, polarized lenses ready to tackle any activity."
MR103-074,MM103,MYMAUI STINGRAY,https://www.mauijim.com/my-maui/mymaui-stingray,329,8,21,56,https://images.mauijim.com/mymaui/103/MM103-030_front.jpg,Gloss Black,HAWAII LAVA™,Full Mirror,Readers,2,993,inStock,"Inspired by encounters with the rare and gentle stingrays of Hawaii, the Stingray wrap sunglasses from Maui Jim are subtle in their magnificence. Made with a durable acetate frame and glare-free, polarized lenses ready to tackle any activity."
MR103-075,MM103,MYMAUI STINGRAY,https://www.mauijim.com/my-maui/mymaui-stingray,329,8,21,56,https://images.mauijim.com/mymaui/103/MM103-030_front.jpg,Gloss Black,HAWAII LAVA™,Full Mirror,Readers,2.5,991,inStock,"Inspired by encounters with the rare and gentle stingrays of Hawaii, the Stingray wrap sunglasses from Maui Jim are subtle in their magnificence. Made with a durable acetate frame and glare-free, polarized lenses ready to tackle any activity."
MR103-079,MM103,MYMAUI STINGRAY,https://www.mauijim.com/my-maui/mymaui-stingray,329,8,21,56,https://images.mauijim.com/mymaui/103/MM103-032_front.jpg,Crystal Matte,HAWAII LAVA™,Full Mirror,Readers,1.5,999,inStock,"Inspired by encounters with the rare and gentle stingrays of Hawaii, the Stingray wrap sunglasses from Maui Jim are subtle in their magnificence. Made with a durable acetate frame and glare-free, polarized lenses ready to tackle any activity."
MR103-080,MM103,MYMAUI STINGRAY,https://www.mauijim.com/my-maui/mymaui-stingray,329,8,21,56,https://images.mauijim.com/mymaui/103/MM103-032_front.jpg,Crystal Matte,HAWAII LAVA™,Full Mirror,Readers,2,999,inStock,"Inspired by encounters with the rare and gentle stingrays of Hawaii, the Stingray wrap sunglasses from Maui Jim are subtle in their magnificence. Made with a durable acetate frame and glare-free, polarized lenses ready to tackle any activity."
MR103-081,MM103,MYMAUI STINGRAY,https://www.mauijim.com/my-maui/mymaui-stingray,329,8,21,56,https://images.mauijim.com/mymaui/103/MM103-032_front.jpg,Crystal Matte,HAWAII LAVA™,Full Mirror,Readers,2.5,999,inStock,"Inspired by encounters with the rare and gentle stingrays of Hawaii, the Stingray wrap sunglasses from Maui Jim are subtle in their magnificence. Made with a durable acetate frame and glare-free, polarized lenses ready to tackle any activity."
MR103-082,MM103,MYMAUI STINGRAY,https://www.mauijim.com/my-maui/mymaui-stingray,329,8,21,56,https://images.mauijim.com/mymaui/103/MM103-033_front.jpg,Tortoise,HAWAII LAVA™,Full Mirror,Readers,1.5,994,inStock,"Inspired by encounters with the rare and gentle stingrays of Hawaii, the Stingray wrap sunglasses from Maui Jim are subtle in their magnificence. Made with a durable acetate frame and glare-free, polarized lenses ready to tackle any activity."
MR103-083,MM103,MYMAUI STINGRAY,https://www.mauijim.com/my-maui/mymaui-stingray,329,8,21,56,https://images.mauijim.com/mymaui/103/MM103-033_front.jpg,Tortoise,HAWAII LAVA™,Full Mirror,Readers,2,997,inStock,"Inspired by encounters with the rare and gentle stingrays of Hawaii, the Stingray wrap sunglasses from Maui Jim are subtle in their magnificence. Made with a durable acetate frame and glare-free, polarized lenses ready to tackle any activity."
MR103-084,MM103,MYMAUI STINGRAY,https://www.mauijim.com/my-maui/mymaui-stingray,329,8,21,56,https://images.mauijim.com/mymaui/103/MM103-033_front.jpg,Tortoise,HAWAII LAVA™,Full Mirror,Readers,2.5,996,inStock,"Inspired by encounters with the rare and gentle stingrays of Hawaii, the Stingray wrap sunglasses from Maui Jim are subtle in their magnificence. Made with a durable acetate frame and glare-free, polarized lenses ready to tackle any activity."
MR103-085,MM103,MYMAUI STINGRAY,https://www.mauijim.com/my-maui/mymaui-stingray,329,8,21,56,https://images.mauijim.com/mymaui/103/MM103-035_front.jpg,Gloss Black,MAUIGreen®,Full Mirror,Readers,1.5,997,inStock,"Inspired by encounters with the rare and gentle stingrays of Hawaii, the Stingray wrap sunglasses from Maui Jim are subtle in their magnificence. Made with a durable acetate frame and glare-free, polarized lenses ready to tackle any activity."
MR103-086,MM103,MYMAUI STINGRAY,https://www.mauijim.com/my-maui/mymaui-stingray,329,8,21,56,https://images.mauijim.com/mymaui/103/MM103-035_front.jpg,Gloss Black,MAUIGreen®,Full Mirror,Readers,2,995,inStock,"Inspired by encounters with the rare and gentle stingrays of Hawaii, the Stingray wrap sunglasses from Maui Jim are subtle in their magnificence. Made with a durable acetate frame and glare-free, polarized lenses ready to tackle any activity."
MR103-087,MM103,MYMAUI STINGRAY,https://www.mauijim.com/my-maui/mymaui-stingray,329,8,21,56,https://images.mauijim.com/mymaui/103/MM103-035_front.jpg,Gloss Black,MAUIGreen®,Full Mirror,Readers,2.5,996,inStock,"Inspired by encounters with the rare and gentle stingrays of Hawaii, the Stingray wrap sunglasses from Maui Jim are subtle in their magnificence. Made with a durable acetate frame and glare-free, polarized lenses ready to tackle any activity."
MR103-091,MM103,MYMAUI STINGRAY,https://www.mauijim.com/my-maui/mymaui-stingray,329,8,21,56,https://images.mauijim.com/mymaui/103/MM103-037_front.jpg,Crystal Matte,MAUIGreen®,Full Mirror,Readers,1.5,999,inStock,"Inspired by encounters with the rare and gentle stingrays of Hawaii, the Stingray wrap sunglasses from Maui Jim are subtle in their magnificence. Made with a durable acetate frame and glare-free, polarized lenses ready to tackle any activity."
MR103-092,MM103,MYMAUI STINGRAY,https://www.mauijim.com/my-maui/mymaui-stingray,329,8,21,56,https://images.mauijim.com/mymaui/103/MM103-037_front.jpg,Crystal Matte,MAUIGreen®,Full Mirror,Readers,2,998,inStock,"Inspired by encounters with the rare and gentle stingrays of Hawaii, the Stingray wrap sunglasses from Maui Jim are subtle in their magnificence. Made with a durable acetate frame and glare-free, polarized lenses ready to tackle any activity."
MR103-093,MM103,MYMAUI STINGRAY,https://www.mauijim.com/my-maui/mymaui-stingray,329,8,21,56,https://images.mauijim.com/mymaui/103/MM103-037_front.jpg,Crystal Matte,MAUIGreen®,Full Mirror,Readers,2.5,998,inStock,"Inspired by encounters with the rare and gentle stingrays of Hawaii, the Stingray wrap sunglasses from Maui Jim are subtle in their magnificence. Made with a durable acetate frame and glare-free, polarized lenses ready to tackle any activity."
MR103-094,MM103,MYMAUI STINGRAY,https://www.mauijim.com/my-maui/mymaui-stingray,329,8,21,56,https://images.mauijim.com/mymaui/103/MM103-038_front.jpg,Tortoise,MAUIGreen®,Full Mirror,Readers,1.5,997,inStock,"Inspired by encounters with the rare and gentle stingrays of Hawaii, the Stingray wrap sunglasses from Maui Jim are subtle in their magnificence. Made with a durable acetate frame and glare-free, polarized lenses ready to tackle any activity."
MR103-095,MM103,MYMAUI STINGRAY,https://www.mauijim.com/my-maui/mymaui-stingray,329,8,21,56,https://images.mauijim.com/mymaui/103/MM103-038_front.jpg,Tortoise,MAUIGreen®,Full Mirror,Readers,2,993,inStock,"Inspired by encounters with the rare and gentle stingrays of Hawaii, the Stingray wrap sunglasses from Maui Jim are subtle in their magnificence. Made with a durable acetate frame and glare-free, polarized lenses ready to tackle any activity."
MR103-096,MM103,MYMAUI STINGRAY,https://www.mauijim.com/my-maui/mymaui-stingray,329,8,21,56,https://images.mauijim.com/mymaui/103/MM103-038_front.jpg,Tortoise,MAUIGreen®,Full Mirror,Readers,2.5,996,inStock,"Inspired by encounters with the rare and gentle stingrays of Hawaii, the Stingray wrap sunglasses from Maui Jim are subtle in their magnificence. Made with a durable acetate frame and glare-free, polarized lenses ready to tackle any activity."
MM162-001,MM162,MYMAUI KAHUNA,https://www.mauijim.com/shop/sunglasses/rectangular/kahuna,339,8,18,61,https://images.mauijim.com/mymaui/162/MM162-001_front.jpg,Gunmetal,Neutral Grey,Bi-Gradient,MauiBrilliant,0,741,inStock,"The Kahuna frames have been a Maui Jim bestseller for more than 15 years, and for good reason. Made from lightweight, durable SuperThin Glass and available in multiple different  lens colors, these rectangular  <a href=""https\://www.mauijim.com/polarized-sunglasses"">polarized sunglasses styles</a> are always a safe bet."
MM162-002,MM162,MYMAUI KAHUNA,https://www.mauijim.com/shop/sunglasses/rectangular/kahuna,339,8,18,61,https://images.mauijim.com/mymaui/162/MM162-002_front.jpg,Gunmetal,HCL® Bronze,Bi-Gradient,MauiBrilliant,0,741,inStock,"The Kahuna frames have been a Maui Jim bestseller for more than 15 years, and for good reason. Made from lightweight, durable SuperThin Glass and available in multiple different  lens colors, these rectangular  <a href=""https\://www.mauijim.com/polarized-sunglasses"">polarized sunglasses styles</a> are always a safe bet."
MM162-003,MM162,MYMAUI KAHUNA,https://www.mauijim.com/shop/sunglasses/rectangular/kahuna,339,8,18,61,https://images.mauijim.com/mymaui/162/MM162-003_front.jpg,Gunmetal,Maui HT™,Bi-Gradient,MauiBrilliant,0,741,inStock,"The Kahuna frames have been a Maui Jim bestseller for more than 15 years, and for good reason. Made from lightweight, durable SuperThin Glass and available in multiple different  lens colors, these rectangular  <a href=""https\://www.mauijim.com/polarized-sunglasses"">polarized sunglasses styles</a> are always a safe bet."
MM162-004,MM162,MYMAUI KAHUNA,https://www.mauijim.com/shop/sunglasses/rectangular/kahuna,339,8,18,61,https://images.mauijim.com/mymaui/162/MM162-004_front.jpg,Gunmetal,Maui Rose®,Bi-Gradient,MauiBrilliant,0,741,inStock,"The Kahuna frames have been a Maui Jim bestseller for more than 15 years, and for good reason. Made from lightweight, durable SuperThin Glass and available in multiple different  lens colors, these rectangular  <a href=""https\://www.mauijim.com/polarized-sunglasses"">polarized sunglasses styles</a> are always a safe bet."
MM162-005,MM162,MYMAUI KAHUNA,https://www.mauijim.com/shop/sunglasses/rectangular/kahuna,339,8,18,61,https://images.mauijim.com/mymaui/162/MM162-005_front.jpg,Gunmetal,HCL® Bronze,Bi-Gradient,SuperThin Glass,0,741,inStock,"The Kahuna frames have been a Maui Jim bestseller for more than 15 years, and for good reason. Made from lightweight, durable SuperThin Glass and available in multiple different  lens colors, these rectangular  <a href=""https\://www.mauijim.com/polarized-sunglasses"">polarized sunglasses styles</a> are always a safe bet."
MM162-011,MM162,MYMAUI KAHUNA,https://www.mauijim.com/shop/sunglasses/rectangular/kahuna,339,8,18,61,https://images.mauijim.com/mymaui/162/MM162-011_front.jpg,Gunmetal,Blue Hawaii,Full Mirror,MauiBrilliant,0,741,inStock,"The Kahuna frames have been a Maui Jim bestseller for more than 15 years, and for good reason. Made from lightweight, durable SuperThin Glass and available in multiple different  lens colors, these rectangular  <a href=""https\://www.mauijim.com/polarized-sunglasses"">polarized sunglasses styles</a> are always a safe bet."
MM162-013,MM162,MYMAUI KAHUNA,https://www.mauijim.com/shop/sunglasses/rectangular/kahuna,339,8,18,61,https://images.mauijim.com/mymaui/162/MM162-013_front.jpg,Gunmetal,MAUI Sunrise,Full Mirror,MauiBrilliant,0,741,inStock,"The Kahuna frames have been a Maui Jim bestseller for more than 15 years, and for good reason. Made from lightweight, durable SuperThin Glass and available in multiple different  lens colors, these rectangular  <a href=""https\://www.mauijim.com/polarized-sunglasses"">polarized sunglasses styles</a> are always a safe bet."
MM162-015,MM162,MYMAUI KAHUNA,https://www.mauijim.com/shop/sunglasses/rectangular/kahuna,339,8,18,61,https://images.mauijim.com/mymaui/162/MM162-015_front.jpg,Gunmetal,HAWAII LAVA™,Full Mirror,MauiBrilliant,0,741,inStock,"The Kahuna frames have been a Maui Jim bestseller for more than 15 years, and for good reason. Made from lightweight, durable SuperThin Glass and available in multiple different  lens colors, these rectangular  <a href=""https\://www.mauijim.com/polarized-sunglasses"">polarized sunglasses styles</a> are always a safe bet."
MM162-017,MM162,MYMAUI KAHUNA,https://www.mauijim.com/shop/sunglasses/rectangular/kahuna,339,8,18,61,https://images.mauijim.com/mymaui/162/MM162-017_front.jpg,Gunmetal,MAUIGreen®,Full Mirror,MauiBrilliant,0,741,inStock,"The Kahuna frames have been a Maui Jim bestseller for more than 15 years, and for good reason. Made from lightweight, durable SuperThin Glass and available in multiple different  lens colors, these rectangular  <a href=""https\://www.mauijim.com/polarized-sunglasses"">polarized sunglasses styles</a> are always a safe bet."
MM162-018,MM162,MYMAUI KAHUNA,https://www.mauijim.com/shop/sunglasses/rectangular/kahuna,339,8,18,61,https://images.mauijim.com/mymaui/162/MM162-018_front.jpg,Metallic Gloss Copper,MAUIGreen®,Full Mirror,MauiBrilliant,0,741,inStock,"The Kahuna frames have been a Maui Jim bestseller for more than 15 years, and for good reason. Made from lightweight, durable SuperThin Glass and available in multiple different  lens colors, these rectangular  <a href=""https\://www.mauijim.com/polarized-sunglasses"">polarized sunglasses styles</a> are always a safe bet."
MM162-019,MM162,MYMAUI KAHUNA,https://www.mauijim.com/shop/sunglasses/rectangular/kahuna,339,8,18,61,https://images.mauijim.com/mymaui/162/MM162-019_front.jpg,Gunmetal,Hawaii Glow,Full Mirror,MauiBrilliant,0,741,inStock,"The Kahuna frames have been a Maui Jim bestseller for more than 15 years, and for good reason. Made from lightweight, durable SuperThin Glass and available in multiple different  lens colors, these rectangular  <a href=""https\://www.mauijim.com/polarized-sunglasses"">polarized sunglasses styles</a> are always a safe bet."
MM162-020,MM162,MYMAUI KAHUNA,https://www.mauijim.com/shop/sunglasses/rectangular/kahuna,339,8,18,61,https://images.mauijim.com/mymaui/162/MM162-020_front.jpg,Gunmetal,Hawaii Seashine,Full Mirror,MauiBrilliant,0,741,inStock,"The Kahuna frames have been a Maui Jim bestseller for more than 15 years, and for good reason. Made from lightweight, durable SuperThin Glass and available in multiple different  lens colors, these rectangular  <a href=""https\://www.mauijim.com/polarized-sunglasses"">polarized sunglasses styles</a> are always a safe bet."