SKU*,Parent SKU,Parent SKU Colour,Name,Brand,Description(No html),Features,Specifications,Specifics,Date Added,In Stock,In Promotion,UPC/EAN,Type,"All Variation SKUs (Delimited by “,”)",Image URL,Product URL,RRP,"Current Price (A - if on promotion, promotion price used)",Product Category Full Path List
10000833-ETR-ONE,,10000833-ETR-ONE,Dakine Prowler Neck Tube - Electric Tropical,Dakine,"There&#39;s no end to the usefulness of this popular style of neck tube. A single layer of super-stretchy polyester can be worn as a neck tube, facemask, or headband. It&#39;s substantial enough to add warmth however it&#39;s used, and lightweight enough to easily layer under a hoodie, jacket, goggles, hat, or helmet.","<ul>
	<li>Multi function neck tube</li>
	<li>20 [ 50cm ] height</li>
</ul>
","<p>One Size<br />
100% Polyester</p>
",Best Use:Multisport;Gender:Unisex;Colour:Multi,2025-01-27 00:00:00,y,0,194626411873,Balaclavas & Neckwear,,https://www.wildearth.com.au/assets/full/10000833-ETR-ONE.webp,https://www.wildearth.com.au/buy/dakine-prowler-neck-tube-t1-special/10000833-ETR-ONE,35.99,35.99,All Products > Clothing > Headwear > Balaclavas & Neckwear
10001-001,,10001-001,Crocs Classic Unisex Clogs - Black,Crocs,"Original. Versatile. Comfortable. It&#39;s the iconic clog that started a comfort revolution around the world! The irreverent go-to comfort shoe that you&#39;re sure to fall deeper in love with day after day. Crocs Classic Clogs offer lightweight Iconic Crocs Comfort, a color for every personality, and an ongoing invitation to be comfortable in your own shoes.","<ul>
	<li>Incredibly light and fun to wear</li>
	<li>Water-friendly and buoyant; weighs only ounces</li>
	<li>Ventilation ports add breathability and help shed water and debris</li>
	<li>Easy to clean and quick to dry</li>
	<li>Pivoting heel straps for a more secure fit</li>
	<li>Customizable with Jibbitz&nbsp;charms</li>
	<li>Iconic Crocs Comfort: Lightweight. Flexible. 360-degree comfort.</li>
</ul>
",,Best Use:Everyday;Gender:Unisex,2023-02-09 00:00:00,y,0,,Sandals,"10001-001-M10W12,10001-001-M11,10001-001-M12,10001-001-M13,10001-001-M14,10001-001-M4W6,10001-001-M5W7,10001-001-M6W8,10001-001-M7W9,10001-001-M8W10,10001-001-M9W11",https://www.wildearth.com.au/assets/full/10001-001.jpg,https://www.wildearth.com.au/buy/crocs-classic-unisex-clogs-black/10001-001,79.99,79.99,All Products > Footwear > Shoes > Casual Shoes;All Products > Gifts under $100;All Products > Footwear > Shoes > Water Shoes
10001-001-M10W12,10001-001,10001-001-Black,Crocs Classic Unisex Clogs - Black - US M10/W12,Crocs,"Original. Versatile. Comfortable. It&#39;s the iconic clog that started a comfort revolution around the world! The irreverent go-to comfort shoe that you&#39;re sure to fall deeper in love with day after day. Crocs Classic Clogs offer lightweight Iconic Crocs Comfort, a color for every personality, and an ongoing invitation to be comfortable in your own shoes.","<ul>
	<li>Incredibly light and fun to wear</li>
	<li>Water-friendly and buoyant; weighs only ounces</li>
	<li>Ventilation ports add breathability and help shed water and debris</li>
	<li>Easy to clean and quick to dry</li>
	<li>Pivoting heel straps for a more secure fit</li>
	<li>Customizable with Jibbitz&nbsp;charms</li>
	<li>Iconic Crocs Comfort: Lightweight. Flexible. 360-degree comfort.</li>
</ul>
",,Size:US10;Best Use:Everyday;Gender:Unisex;Colour:Black,2023-04-03 00:00:00,y,0,841158002474,Sandals,,https://www.wildearth.com.au/assets/full/10001-001-M10W12.jpg,https://www.wildearth.com.au/buy/crocs-classic-black-m10-w12/10001-001-M10W12,79.99,79.99,All Products > Footwear > Shoes > Casual Shoes;All Products > Gifts for Him;All Products > Gifts under $100;All Products > Footwear > Shoes > Water Shoes
10001-001-M11,10001-001,10001-001-Black,Crocs Classic Unisex Clogs - Black - US M11,Crocs,"Original. Versatile. Comfortable. It&#39;s the iconic clog that started a comfort revolution around the world! The irreverent go-to comfort shoe that you&#39;re sure to fall deeper in love with day after day. Crocs Classic Clogs offer lightweight Iconic Crocs Comfort, a color for every personality, and an ongoing invitation to be comfortable in your own shoes.",<ul> 	<li>Incredibly light and fun to wear</li> 	<li>Water-friendly and buoyant; weighs only ounces</li> 	<li>Ventilation ports add breathability and help shed water and debris</li> 	<li>Easy to clean and quick to dry</li> 	<li>Pivoting heel straps for a more secure fit</li> 	<li>Customizable with Jibbitz&nbsp;charms</li> 	<li>Iconic Crocs Comfort: Lightweight. Flexible. 360-degree comfort.</li> </ul>,,Size:US11;Best Use:Everyday;Gender:Unisex;Colour:Black,2023-02-09 00:00:00,y,0,841158002481,Sandals,,https://www.wildearth.com.au/assets/full/10001-001-M11.jpg,https://www.wildearth.com.au/buy/crocs-classic-black-m11/10001-001-M11,79.99,79.99,All Products > Footwear > Shoes > Casual Shoes;All Products > Gifts under $100;All Products > Footwear > Shoes > Water Shoes
10001-001-M12,10001-001,10001-001-Black,Crocs Classic Unisex Clogs - Black - US M12,Crocs,"Original. Versatile. Comfortable. It&#39;s the iconic clog that started a comfort revolution around the world! The irreverent go-to comfort shoe that you&#39;re sure to fall deeper in love with day after day. Crocs Classic Clogs offer lightweight Iconic Crocs Comfort, a color for every personality, and an ongoing invitation to be comfortable in your own shoes.",<ul> 	<li>Incredibly light and fun to wear</li> 	<li>Water-friendly and buoyant; weighs only ounces</li> 	<li>Ventilation ports add breathability and help shed water and debris</li> 	<li>Easy to clean and quick to dry</li> 	<li>Pivoting heel straps for a more secure fit</li> 	<li>Customizable with Jibbitz&nbsp;charms</li> 	<li>Iconic Crocs Comfort: Lightweight. Flexible. 360-degree comfort.</li> </ul>,,Size:US12;Best Use:Everyday;Gender:Unisex;Colour:Black,2023-02-09 00:00:00,y,0,841158002498,Sandals,,https://www.wildearth.com.au/assets/full/10001-001-M12.jpg,https://www.wildearth.com.au/buy/crocs-classic-black-m12/10001-001-M12,79.99,79.99,All Products > Footwear > Shoes > Casual Shoes;All Products > Gifts under $100;All Products > Footwear > Shoes > Water Shoes
10001-001-M13,10001-001,10001-001-Black,Crocs Classic Unisex Clogs - Black - US M13,Crocs,"Original. Versatile. Comfortable. It&#39;s the iconic clog that started a comfort revolution around the world! The irreverent go-to comfort shoe that you&#39;re sure to fall deeper in love with day after day. Crocs Classic Clogs offer lightweight Iconic Crocs Comfort, a color for every personality, and an ongoing invitation to be comfortable in your own shoes.",<ul> 	<li>Incredibly light and fun to wear</li> 	<li>Water-friendly and buoyant; weighs only ounces</li> 	<li>Ventilation ports add breathability and help shed water and debris</li> 	<li>Easy to clean and quick to dry</li> 	<li>Pivoting heel straps for a more secure fit</li> 	<li>Customizable with Jibbitz&nbsp;charms</li> 	<li>Iconic Crocs Comfort: Lightweight. Flexible. 360-degree comfort.</li> </ul>,,Size:US13;Best Use:Everyday;Gender:Unisex;Colour:Black,2023-02-09 00:00:00,y,0,841158002504,Sandals,,https://www.wildearth.com.au/assets/full/10001-001-M13.jpg,https://www.wildearth.com.au/buy/crocs-classic-black-m13/10001-001-M13,79.99,79.99,All Products > Footwear > Shoes > Casual Shoes;All Products > Gifts under $100;All Products > Footwear > Shoes > Water Shoes
10001-001-M14,10001-001,10001-001-Black,Crocs Classic Unisex Clogs - Black - US M14,Crocs,"Original. Versatile. Comfortable. It&#39;s the iconic clog that started a comfort revolution around the world! The irreverent go-to comfort shoe that you&#39;re sure to fall deeper in love with day after day. Crocs Classic Clogs offer lightweight Iconic Crocs Comfort, a color for every personality, and an ongoing invitation to be comfortable in your own shoes.",<ul> 	<li>Incredibly light and fun to wear</li> 	<li>Water-friendly and buoyant; weighs only ounces</li> 	<li>Ventilation ports add breathability and help shed water and debris</li> 	<li>Easy to clean and quick to dry</li> 	<li>Pivoting heel straps for a more secure fit</li> 	<li>Customizable with Jibbitz&nbsp;charms</li> 	<li>Iconic Crocs Comfort: Lightweight. Flexible. 360-degree comfort.</li> </ul>,,Size:US14;Best Use:Everyday;Gender:Unisex;Colour:Black,2023-02-09 00:00:00,y,0,883503817319,Sandals,,https://www.wildearth.com.au/assets/full/10001-001-M14.jpg,https://www.wildearth.com.au/buy/crocs-classic-black-m14/10001-001-M14,79.99,79.99,All Products > Footwear > Shoes > Casual Shoes;All Products > Gifts under $100;All Products > Footwear > Shoes > Water Shoes
10001-001-M4W6,10001-001,10001-001-Black,Crocs Classic Unisex Clogs - Black - US M4/W6,Crocs,"Original. Versatile. Comfortable. It&#39;s the iconic clog that started a comfort revolution around the world! The irreverent go-to comfort shoe that you&#39;re sure to fall deeper in love with day after day. Crocs Classic Clogs offer lightweight Iconic Crocs Comfort, a color for every personality, and an ongoing invitation to be comfortable in your own shoes.",<ul> 	<li>Incredibly light and fun to wear</li> 	<li>Water-friendly and buoyant; weighs only ounces</li> 	<li>Ventilation ports add breathability and help shed water and debris</li> 	<li>Easy to clean and quick to dry</li> 	<li>Pivoting heel straps for a more secure fit</li> 	<li>Customizable with Jibbitz&nbsp;charms</li> 	<li>Iconic Crocs Comfort: Lightweight. Flexible. 360-degree comfort.</li> </ul>,,Size:US4;Best Use:Everyday;Gender:Unisex;Colour:Black,2023-02-09 00:00:00,y,0,841158002412,Sandals,,https://www.wildearth.com.au/assets/full/10001-001-M4W6.jpg,https://www.wildearth.com.au/buy/crocs-classic-black-m4-w6/10001-001-M4W6,79.99,79.99,All Products > Footwear > Shoes > Casual Shoes;All Products > Gifts under $100;All Products > Footwear > Shoes > Water Shoes
10001-001-M5W7,10001-001,10001-001-Black,Crocs Classic Unisex Clogs - Black - US M5/W7,Crocs,"Original. Versatile. Comfortable. It&#39;s the iconic clog that started a comfort revolution around the world! The irreverent go-to comfort shoe that you&#39;re sure to fall deeper in love with day after day. Crocs Classic Clogs offer lightweight Iconic Crocs Comfort, a color for every personality, and an ongoing invitation to be comfortable in your own shoes.",<ul> 	<li>Incredibly light and fun to wear</li> 	<li>Water-friendly and buoyant; weighs only ounces</li> 	<li>Ventilation ports add breathability and help shed water and debris</li> 	<li>Easy to clean and quick to dry</li> 	<li>Pivoting heel straps for a more secure fit</li> 	<li>Customizable with Jibbitz&nbsp;charms</li> 	<li>Iconic Crocs Comfort: Lightweight. Flexible. 360-degree comfort.</li> </ul>,,Size:US5;Best Use:Everyday;Gender:Unisex;Colour:Black,2023-02-09 00:00:00,y,0,841158002429,Sandals,,https://www.wildearth.com.au/assets/full/10001-001-M5W7.jpg,https://www.wildearth.com.au/buy/crocs-classic-black-m5-w7/10001-001-M5W7,79.99,79.99,All Products > Footwear > Shoes > Casual Shoes;All Products > Gifts under $100;All Products > Footwear > Shoes > Water Shoes
10001-001-M6W8,10001-001,10001-001-Black,Crocs Classic Unisex Clogs - Black - US M6/W8,Crocs,"Original. Versatile. Comfortable. It&#39;s the iconic clog that started a comfort revolution around the world! The irreverent go-to comfort shoe that you&#39;re sure to fall deeper in love with day after day. Crocs Classic Clogs offer lightweight Iconic Crocs Comfort, a color for every personality, and an ongoing invitation to be comfortable in your own shoes.",<ul> 	<li>Incredibly light and fun to wear</li> 	<li>Water-friendly and buoyant; weighs only ounces</li> 	<li>Ventilation ports add breathability and help shed water and debris</li> 	<li>Easy to clean and quick to dry</li> 	<li>Pivoting heel straps for a more secure fit</li> 	<li>Customizable with Jibbitz&nbsp;charms</li> 	<li>Iconic Crocs Comfort: Lightweight. Flexible. 360-degree comfort.</li> </ul>,,Size:US6;Best Use:Everyday;Gender:Unisex;Colour:Black,2023-02-09 00:00:00,y,0,841158002436,Sandals,,https://www.wildearth.com.au/assets/full/10001-001-M6W8.jpg,https://www.wildearth.com.au/buy/crocs-classic-black-m6-w8/10001-001-M6W8,79.99,79.99,All Products > Footwear > Shoes > Casual Shoes;All Products > Gifts under $100;All Products > Footwear > Shoes > Water Shoes
10001-001-M7W9,10001-001,10001-001-Black,Crocs Classic Unisex Clogs - Black - US M7/W9,Crocs,"Original. Versatile. Comfortable. It&#39;s the iconic clog that started a comfort revolution around the world! The irreverent go-to comfort shoe that you&#39;re sure to fall deeper in love with day after day. Crocs Classic Clogs offer lightweight Iconic Crocs Comfort, a color for every personality, and an ongoing invitation to be comfortable in your own shoes.",<ul> 	<li>Incredibly light and fun to wear</li> 	<li>Water-friendly and buoyant; weighs only ounces</li> 	<li>Ventilation ports add breathability and help shed water and debris</li> 	<li>Easy to clean and quick to dry</li> 	<li>Pivoting heel straps for a more secure fit</li> 	<li>Customizable with Jibbitz&nbsp;charms</li> 	<li>Iconic Crocs Comfort: Lightweight. Flexible. 360-degree comfort.</li> </ul>,,Size:US7;Best Use:Everyday;Gender:Unisex;Colour:Black,2023-02-09 00:00:00,y,0,841158002443,Sandals,,https://www.wildearth.com.au/assets/full/10001-001-M7W9.jpg,https://www.wildearth.com.au/buy/crocs-classic-black-m7-w9/10001-001-M7W9,79.99,79.99,All Products > Footwear > Shoes > Casual Shoes;All Products > Gifts under $100;All Products > Footwear > Shoes > Water Shoes
10001-001-M8W10,10001-001,10001-001-Black,Crocs Classic Unisex Clogs - Black - US M8/W10,Crocs,"Original. Versatile. Comfortable. It&#39;s the iconic clog that started a comfort revolution around the world! The irreverent go-to comfort shoe that you&#39;re sure to fall deeper in love with day after day. Crocs Classic Clogs offer lightweight Iconic Crocs Comfort, a color for every personality, and an ongoing invitation to be comfortable in your own shoes.",<ul> 	<li>Incredibly light and fun to wear</li> 	<li>Water-friendly and buoyant; weighs only ounces</li> 	<li>Ventilation ports add breathability and help shed water and debris</li> 	<li>Easy to clean and quick to dry</li> 	<li>Pivoting heel straps for a more secure fit</li> 	<li>Customizable with Jibbitz&nbsp;charms</li> 	<li>Iconic Crocs Comfort: Lightweight. Flexible. 360-degree comfort.</li> </ul>,,Size:US8;Best Use:Everyday;Gender:Unisex;Colour:Black,2023-02-09 00:00:00,y,0,841158002450,Sandals,,https://www.wildearth.com.au/assets/full/10001-001-M8W10.jpg,https://www.wildearth.com.au/buy/crocs-classic-black-m8-w10/10001-001-M8W10,79.99,79.99,All Products > Footwear > Shoes > Casual Shoes;All Products > Gifts under $100;All Products > Footwear > Shoes > Water Shoes
10001-001-M9W11,10001-001,10001-001-Black,Crocs Classic Unisex Clogs - Black - US M9/W11,Crocs,"Original. Versatile. Comfortable. It&#39;s the iconic clog that started a comfort revolution around the world! The irreverent go-to comfort shoe that you&#39;re sure to fall deeper in love with day after day. Crocs Classic Clogs offer lightweight Iconic Crocs Comfort, a color for every personality, and an ongoing invitation to be comfortable in your own shoes.",<ul> 	<li>Incredibly light and fun to wear</li> 	<li>Water-friendly and buoyant; weighs only ounces</li> 	<li>Ventilation ports add breathability and help shed water and debris</li> 	<li>Easy to clean and quick to dry</li> 	<li>Pivoting heel straps for a more secure fit</li> 	<li>Customizable with Jibbitz&nbsp;charms</li> 	<li>Iconic Crocs Comfort: Lightweight. Flexible. 360-degree comfort.</li> </ul>,,Size:US9;Best Use:Everyday;Gender:Unisex;Colour:Black,2023-02-09 00:00:00,y,0,841158002467,Sandals,,https://www.wildearth.com.au/assets/full/10001-001-M9W11.jpg,https://www.wildearth.com.au/buy/crocs-classic-black-m9-w11/10001-001-M9W11,79.99,79.99,All Products > Footwear > Shoes > Casual Shoes;All Products > Gifts under $100;All Products > Footwear > Shoes > Water Shoes
10001-100,,10001-100,Crocs Classic Unisex Clogs - White,Crocs,"Original. Versatile. Comfortable. It&#39;s the iconic clog that started a comfort revolution around the world! The irreverent go-to comfort shoe that you&#39;re sure to fall deeper in love with day after day. Crocs Classic Clogs offer lightweight Iconic Crocs Comfort, a color for every personality, and an ongoing invitation to be comfortable in your own shoes.","<ul>
	<li>Incredibly light and fun to wear</li>
	<li>Water-friendly and buoyant; weighs only ounces</li>
	<li>Ventilation ports add breathability and help shed water and debris</li>
	<li>Easy to clean and quick to dry</li>
	<li>Pivoting heel straps for a more secure fit</li>
	<li>Customizable with Jibbitz charms</li>
	<li>Iconic Crocs Comfort: Lightweight. Flexible. 360-degree comfort.</li>
</ul>
",,Best Use:Everyday;Gender:Unisex,2023-02-09 00:00:00,y,0,,Sandals,"10001-100-M10W12,10001-100-M11,10001-100-M12,10001-100-M13,10001-100-M4W6,10001-100-M5W7,10001-100-M6W8,10001-100-M7W9,10001-100-M8W10,10001-100-M9W11",https://www.wildearth.com.au/assets/full/10001-100.jpg,https://www.wildearth.com.au/buy/crocs-classic-unisex-clogs-white/10001-100,79.99,79.99,All Products > Footwear > Shoes > Casual Shoes;All Products > Gifts under $100;All Products > Footwear > Shoes > Water Shoes
10001-100-M10W12,10001-100,10001-100-White,Crocs Classic Unisex Clogs - White - US M10/W12,Crocs,"Original. Versatile. Comfortable. It&#39;s the iconic clog that started a comfort revolution around the world! The irreverent go-to comfort shoe that you&#39;re sure to fall deeper in love with day after day. Crocs Classic Clogs offer lightweight Iconic Crocs Comfort, a color for every personality, and an ongoing invitation to be comfortable in your own shoes.",<ul> 	<li>Incredibly light and fun to wear</li> 	<li>Water-friendly and buoyant; weighs only ounces</li> 	<li>Ventilation ports add breathability and help shed water and debris</li> 	<li>Easy to clean and quick to dry</li> 	<li>Pivoting heel straps for a more secure fit</li> 	<li>Customizable with Jibbitz charms</li> 	<li>Iconic Crocs Comfort: Lightweight. Flexible. 360-degree comfort.</li> </ul>,,Size:US10;Best Use:Everyday;Gender:Unisex;Colour:White,2023-02-09 00:00:00,y,0,883503185661,Sandals,,https://www.wildearth.com.au/assets/full/10001-100-M10W12.jpg,https://www.wildearth.com.au/buy/crocs-classic-white-m10-w12/10001-100-M10W12,79.99,79.99,All Products > Footwear > Shoes > Casual Shoes;All Products > Gifts for Him;All Products > Gifts for Her;All Products > Gifts under $100;All Products > Footwear > Shoes > Water Shoes
10001-100-M11,10001-100,10001-100-White,Crocs Classic Unisex Clogs - White - US M11,Crocs,"Original. Versatile. Comfortable. It&#39;s the iconic clog that started a comfort revolution around the world! The irreverent go-to comfort shoe that you&#39;re sure to fall deeper in love with day after day. Crocs Classic Clogs offer lightweight Iconic Crocs Comfort, a color for every personality, and an ongoing invitation to be comfortable in your own shoes.",<ul> 	<li>Incredibly light and fun to wear</li> 	<li>Water-friendly and buoyant; weighs only ounces</li> 	<li>Ventilation ports add breathability and help shed water and debris</li> 	<li>Easy to clean and quick to dry</li> 	<li>Pivoting heel straps for a more secure fit</li> 	<li>Customizable with Jibbitz charms</li> 	<li>Iconic Crocs Comfort: Lightweight. Flexible. 360-degree comfort.</li> </ul>,,Size:US11;Best Use:Everyday;Gender:Unisex;Colour:White,2023-02-09 00:00:00,y,0,883503185678,Sandals,,https://www.wildearth.com.au/assets/full/10001-100-M11.jpg,https://www.wildearth.com.au/buy/crocs-classic-white-m11/10001-100-M11,79.99,79.99,All Products > Footwear > Shoes > Casual Shoes;All Products > Gifts under $100;All Products > Footwear > Shoes > Water Shoes
10001-100-M12,10001-100,10001-100-White,Crocs Classic Unisex Clogs - White - US M12,Crocs,"Original. Versatile. Comfortable. It&#39;s the iconic clog that started a comfort revolution around the world! The irreverent go-to comfort shoe that you&#39;re sure to fall deeper in love with day after day. Crocs Classic Clogs offer lightweight Iconic Crocs Comfort, a color for every personality, and an ongoing invitation to be comfortable in your own shoes.",<ul> 	<li>Incredibly light and fun to wear</li> 	<li>Water-friendly and buoyant; weighs only ounces</li> 	<li>Ventilation ports add breathability and help shed water and debris</li> 	<li>Easy to clean and quick to dry</li> 	<li>Pivoting heel straps for a more secure fit</li> 	<li>Customizable with Jibbitz charms</li> 	<li>Iconic Crocs Comfort: Lightweight. Flexible. 360-degree comfort.</li> </ul>,,Size:US12;Best Use:Everyday;Gender:Unisex;Colour:White,2023-02-09 00:00:00,y,0,883503185685,Sandals,,https://www.wildearth.com.au/assets/full/10001-100-M12.jpg,https://www.wildearth.com.au/buy/crocs-classic-white-m12/10001-100-M12,79.99,79.99,All Products > Footwear > Shoes > Casual Shoes;All Products > Gifts under $100;All Products > Footwear > Shoes > Water Shoes
10001-100-M13,10001-100,10001-100-White,Crocs Classic Unisex Clogs - White - US M13,Crocs,"Original. Versatile. Comfortable. It&#39;s the iconic clog that started a comfort revolution around the world! The irreverent go-to comfort shoe that you&#39;re sure to fall deeper in love with day after day. Crocs Classic Clogs offer lightweight Iconic Crocs Comfort, a color for every personality, and an ongoing invitation to be comfortable in your own shoes.",<ul> 	<li>Incredibly light and fun to wear</li> 	<li>Water-friendly and buoyant; weighs only ounces</li> 	<li>Ventilation ports add breathability and help shed water and debris</li> 	<li>Easy to clean and quick to dry</li> 	<li>Pivoting heel straps for a more secure fit</li> 	<li>Customizable with Jibbitz charms</li> 	<li>Iconic Crocs Comfort: Lightweight. Flexible. 360-degree comfort.</li> </ul>,,Size:US13;Best Use:Everyday;Gender:Unisex;Colour:White,2023-02-09 00:00:00,y,0,883503185692,Sandals,,https://www.wildearth.com.au/assets/full/10001-100-M13.jpg,https://www.wildearth.com.au/buy/crocs-classic-white-m13/10001-100-M13,79.99,79.99,All Products > Footwear > Shoes > Casual Shoes;All Products > Gifts under $100;All Products > Footwear > Shoes > Water Shoes
10001-100-M4W6,10001-100,10001-100-White,Crocs Classic Unisex Clogs - White - US M4/W6,Crocs,"Original. Versatile. Comfortable. It&#39;s the iconic clog that started a comfort revolution around the world! The irreverent go-to comfort shoe that you&#39;re sure to fall deeper in love with day after day. Crocs Classic Clogs offer lightweight Iconic Crocs Comfort, a color for every personality, and an ongoing invitation to be comfortable in your own shoes.","<ul>
	<li>Incredibly light and fun to wear</li>
	<li>Water-friendly and buoyant; weighs only ounces</li>
	<li>Ventilation ports add breathability and help shed water and debris</li>
	<li>Easy to clean and quick to dry</li>
	<li>Pivoting heel straps for a more secure fit</li>
	<li>Customizable with Jibbitz charms</li>
	<li>Iconic Crocs Comfort: Lightweight. Flexible. 360-degree comfort.</li>
</ul>
",,Size:US4;Best Use:Everyday;Gender:Unisex;Colour:White,2023-04-03 00:00:00,y,0,883503185609,Sandals,,https://www.wildearth.com.au/assets/full/10001-100-M4W6.jpg,https://www.wildearth.com.au/buy/crocs-classic-white-m4-w6/10001-100-M4W6,79.99,79.99,All Products > Footwear > Shoes > Casual Shoes;All Products > Gifts under $100;All Products > Footwear > Shoes > Water Shoes
10001-100-M5W7,10001-100,10001-100-White,Crocs Classic Unisex Clogs - White - US M5/W7,Crocs,"Original. Versatile. Comfortable. It&#39;s the iconic clog that started a comfort revolution around the world! The irreverent go-to comfort shoe that you&#39;re sure to fall deeper in love with day after day. Crocs Classic Clogs offer lightweight Iconic Crocs Comfort, a color for every personality, and an ongoing invitation to be comfortable in your own shoes.",<ul> 	<li>Incredibly light and fun to wear</li> 	<li>Water-friendly and buoyant; weighs only ounces</li> 	<li>Ventilation ports add breathability and help shed water and debris</li> 	<li>Easy to clean and quick to dry</li> 	<li>Pivoting heel straps for a more secure fit</li> 	<li>Customizable with Jibbitz charms</li> 	<li>Iconic Crocs Comfort: Lightweight. Flexible. 360-degree comfort.</li> </ul>,,Size:US5;Best Use:Everyday;Gender:Unisex;Colour:White,2023-02-09 00:00:00,y,0,883503185616,Sandals,,https://www.wildearth.com.au/assets/full/10001-100-M5W7.jpg,https://www.wildearth.com.au/buy/crocs-classic-white-m5-w7/10001-100-M5W7,79.99,79.99,All Products > Footwear > Shoes > Casual Shoes;All Products > Gifts under $100;All Products > Footwear > Shoes > Water Shoes
10001-100-M6W8,10001-100,10001-100-White,Crocs Classic Unisex Clogs - White - US M6/W8,Crocs,"Original. Versatile. Comfortable. It&#39;s the iconic clog that started a comfort revolution around the world! The irreverent go-to comfort shoe that you&#39;re sure to fall deeper in love with day after day. Crocs Classic Clogs offer lightweight Iconic Crocs Comfort, a color for every personality, and an ongoing invitation to be comfortable in your own shoes.",<ul> 	<li>Incredibly light and fun to wear</li> 	<li>Water-friendly and buoyant; weighs only ounces</li> 	<li>Ventilation ports add breathability and help shed water and debris</li> 	<li>Easy to clean and quick to dry</li> 	<li>Pivoting heel straps for a more secure fit</li> 	<li>Customizable with Jibbitz charms</li> 	<li>Iconic Crocs Comfort: Lightweight. Flexible. 360-degree comfort.</li> </ul>,,Size:US6;Best Use:Everyday;Gender:Unisex;Colour:White,2023-02-09 00:00:00,y,0,883503185623,Sandals,,https://www.wildearth.com.au/assets/full/10001-100-M6W8.jpg,https://www.wildearth.com.au/buy/crocs-classic-white-m6-w8/10001-100-M6W8,79.99,79.99,All Products > Footwear > Shoes > Casual Shoes;All Products > Gifts under $100;All Products > Footwear > Shoes > Water Shoes
10001-100-M7W9,10001-100,10001-100-White,Crocs Classic Unisex Clogs - White - US M7/W9,Crocs,"Original. Versatile. Comfortable. It&#39;s the iconic clog that started a comfort revolution around the world! The irreverent go-to comfort shoe that you&#39;re sure to fall deeper in love with day after day. Crocs Classic Clogs offer lightweight Iconic Crocs Comfort, a color for every personality, and an ongoing invitation to be comfortable in your own shoes.",<ul> 	<li>Incredibly light and fun to wear</li> 	<li>Water-friendly and buoyant; weighs only ounces</li> 	<li>Ventilation ports add breathability and help shed water and debris</li> 	<li>Easy to clean and quick to dry</li> 	<li>Pivoting heel straps for a more secure fit</li> 	<li>Customizable with Jibbitz charms</li> 	<li>Iconic Crocs Comfort: Lightweight. Flexible. 360-degree comfort.</li> </ul>,,Size:US7;Best Use:Everyday;Gender:Unisex;Colour:White,2023-02-09 00:00:00,y,0,883503185630,Sandals,,https://www.wildearth.com.au/assets/full/10001-100-M7W9.jpg,https://www.wildearth.com.au/buy/crocs-classic-white-m7-w9/10001-100-M7W9,79.99,79.99,All Products > Footwear > Shoes > Casual Shoes;All Products > Gifts under $100;All Products > Footwear > Shoes > Water Shoes
10001-100-M8W10,10001-100,10001-100-White,Crocs Classic Unisex Clogs - White - US M8/W10,Crocs,"Original. Versatile. Comfortable. It&#39;s the iconic clog that started a comfort revolution around the world! The irreverent go-to comfort shoe that you&#39;re sure to fall deeper in love with day after day. Crocs Classic Clogs offer lightweight Iconic Crocs Comfort, a color for every personality, and an ongoing invitation to be comfortable in your own shoes.",<ul> 	<li>Incredibly light and fun to wear</li> 	<li>Water-friendly and buoyant; weighs only ounces</li> 	<li>Ventilation ports add breathability and help shed water and debris</li> 	<li>Easy to clean and quick to dry</li> 	<li>Pivoting heel straps for a more secure fit</li> 	<li>Customizable with Jibbitz charms</li> 	<li>Iconic Crocs Comfort: Lightweight. Flexible. 360-degree comfort.</li> </ul>,,Size:US8;Best Use:Everyday;Gender:Unisex;Colour:White,2023-02-09 00:00:00,y,0,883503185647,Sandals,,https://www.wildearth.com.au/assets/full/10001-100-M8W10.jpg,https://www.wildearth.com.au/buy/crocs-classic-white-m8-w10/10001-100-M8W10,79.99,79.99,All Products > Footwear > Shoes > Casual Shoes;All Products > Gifts under $100;All Products > Footwear > Shoes > Water Shoes
10001-100-M9W11,10001-100,10001-100-White,Crocs Classic Unisex Clogs - White - US M9/W11,Crocs,"Original. Versatile. Comfortable. It&#39;s the iconic clog that started a comfort revolution around the world! The irreverent go-to comfort shoe that you&#39;re sure to fall deeper in love with day after day. Crocs Classic Clogs offer lightweight Iconic Crocs Comfort, a color for every personality, and an ongoing invitation to be comfortable in your own shoes.",<ul> 	<li>Incredibly light and fun to wear</li> 	<li>Water-friendly and buoyant; weighs only ounces</li> 	<li>Ventilation ports add breathability and help shed water and debris</li> 	<li>Easy to clean and quick to dry</li> 	<li>Pivoting heel straps for a more secure fit</li> 	<li>Customizable with Jibbitz charms</li> 	<li>Iconic Crocs Comfort: Lightweight. Flexible. 360-degree comfort.</li> </ul>,,Size:US9;Best Use:Everyday;Gender:Unisex;Colour:White,2023-02-09 00:00:00,y,0,883503185654,Sandals,,https://www.wildearth.com.au/assets/full/10001-100-M9W11.jpg,https://www.wildearth.com.au/buy/crocs-classic-white-m9-w11/10001-100-M9W11,79.99,79.99,All Products > Footwear > Shoes > Casual Shoes;All Products > Gifts under $100;All Products > Footwear > Shoes > Water Shoes
10001-3WH,,10001-3WH,Crocs Classic Unisex Clog - Green Ivy,Crocs,"Original. Versatile. Comfortable. It&#39;s the iconic clog that started a comfort revolution around the world! The irreverent go-to comfort shoe that you&#39;re sure to fall deeper in love with day after day. Crocs Classic Clogs offer lightweight Iconic Crocs Comfort, a color for every personality, and an ongoing invitation to be comfortable in your own shoes.","<ul>
	<li>Incredibly light and fun to wear</li>
	<li>Water-friendly and buoyant; weighs only ounces</li>
	<li>Ventilation ports add breathability and help shed water and debris</li>
	<li>Easy to clean and quick to dry</li>
	<li>Pivoting heel straps for a more secure fit</li>
	<li>Customizable with Jibbitz charms</li>
	<li>Iconic Crocs Comfort: Lightweight. Flexible. 360-degree comfort.</li>
</ul>
",,Best Use:Everyday;Gender:Unisex,2024-04-17 00:00:00,y,1,,Sandals,"10001-3WH-M10W12,10001-3WH-M11,10001-3WH-M12,10001-3WH-M4W6,10001-3WH-M5W7,10001-3WH-M6W8,10001-3WH-M7W9,10001-3WH-M8W10,10001-3WH-M9W11",https://www.wildearth.com.au/assets/full/10001-3WH.jpg,https://www.wildearth.com.au/buy/crocs-classic-unisex-clog-green-ivy/10001-3WH,79.99,32,All Products > Footwear > Shoes > Casual Shoes;All Products > Gifts under $100;All Products > Footwear > Shoes > Water Shoes
10001-3WH-M4W6,10001-3WH,10001-3WH-Green,Crocs Classic Unisex Clog - Green Ivy - US M4/W6,Crocs,,,,Size:US4;Best Use:Everyday;Gender:Unisex;Colour:Green,2024-04-17 00:00:00,y,1,196265645855,Sandals,,https://www.wildearth.com.au/assets/full/10001-3WH-M4W6.jpg,https://www.wildearth.com.au/buy/crocs-classic-clog-green-ivy-m4w6/10001-3WH-M4W6,79.99,32,All Products > Footwear > Shoes > Casual Shoes;All Products > Gifts under $100;All Products > Footwear > Shoes > Water Shoes
10001-3WH-M5W7,10001-3WH,10001-3WH-Green,Crocs Classic Unisex Clog - Green Ivy - US M5/W7,Crocs,,,,Size:US5;Best Use:Everyday;Gender:Unisex;Colour:Green,2024-04-17 00:00:00,y,1,196265645862,Sandals,,https://www.wildearth.com.au/assets/full/10001-3WH-M5W7.jpg,https://www.wildearth.com.au/buy/crocs-classic-clog-green-ivy-m5w7/10001-3WH-M5W7,79.99,32,All Products > Footwear > Shoes > Casual Shoes;All Products > Gifts under $100;All Products > Footwear > Shoes > Water Shoes
10001-4OX,,10001-4OX,Crocs Classic Unisex Clog - Venetian Blue,Crocs,"Original. Versatile. Comfortable. It&#39;s the iconic clog that started a comfort revolution around the world! The irreverent go-to comfort shoe that you&#39;re sure to fall deeper in love with day after day. Crocs Classic Clogs offer lightweight Iconic Crocs Comfort, a color for every personality, and an ongoing invitation to be comfortable in your own shoes.","<ul>
	<li>Incredibly light and fun to wear</li>
	<li>Water-friendly and buoyant; weighs only ounces</li>
	<li>Ventilation ports add breathability and help shed water and debris</li>
	<li>Easy to clean and quick to dry</li>
	<li>Pivoting heel straps for a more secure fit</li>
	<li>Customizable with Jibbitz&nbsp;charms</li>
	<li>Iconic Crocs Comfort: Lightweight. Flexible. 360-degree comfort.</li>
</ul>
",,Best Use:Everyday;Gender:Unisex;Colour:Blue,2024-07-18 00:00:00,y,1,,Casual Shoes,"10001-4OX-M10W12,10001-4OX-M11,10001-4OX-M4W6,10001-4OX-M5W7,10001-4OX-M6W8,10001-4OX-M7W9,10001-4OX-M8W10,10001-4OX-M9W11",https://www.wildearth.com.au/assets/full/10001-4OX.png,https://www.wildearth.com.au/buy/crocs-classic-unisex-clog-venetian-blue/10001-4OX,79.99,32,All Products > Footwear > Shoes > Casual Shoes;All Products > Footwear > Shoes > Water Shoes
10001-4OX-M5W7,10001-4OX,10001-4OX-Blue,Crocs Classic Unisex Clog - Venetian Blue - US M5/W7,Crocs,,,,Size:US5;Best Use:Everyday;Gender:Unisex;Colour:Blue,2024-07-18 00:00:00,y,1,196265799886,Casual Shoes,,https://www.wildearth.com.au/assets/full/10001-4OX.png,https://www.wildearth.com.au/buy/crocs-classic-clog-venetian-blue-m5w7/10001-4OX-M5W7,79.99,32,All Products > Footwear > Shoes > Casual Shoes;All Products > Footwear > Shoes > Water Shoes
10001-4OX-M8W10,10001-4OX,10001-4OX-Blue,Crocs Classic Unisex Clog - Venetian Blue - US M8/W10,Crocs,,,,Size:US8;Best Use:Everyday;Gender:Unisex;Colour:Blue,2024-07-18 00:00:00,y,1,196265799916,Casual Shoes,,https://www.wildearth.com.au/assets/full/10001-4OX.png,https://www.wildearth.com.au/buy/crocs-classic-clog-venetian-blue-m8w10/10001-4OX-M8W10,79.99,32,All Products > Footwear > Shoes > Casual Shoes;All Products > Footwear > Shoes > Water Shoes
10001-530,,10001-530,Crocs Classic Unisex Clogs - Lavender,Crocs,"Original. Versatile. Comfortable. It’s the iconic clog that started a comfort revolution around the world! The irreverent go-to comfort shoe that you&#39;re sure to fall deeper in love with day after day. Crocs Classic Clogs offer lightweight Iconic Crocs Comfort™, a color for every personality, and an ongoing invitation to be comfortable in your own shoes.","<ul>
        <li>Incredibly light and fun to wear</li>
        <li>Water-friendly and buoyant; weighs only ounces</li>
        <li>Ventilation ports add breathability and help shed water and debris</li>
        <li>Easy to clean and quick to dry</li>
        <li>Pivoting heel straps for a more secure fit</li>
        <li>Customizable with Jibbitz™ charms</li>
        <li>Iconic Crocs Comfort™: Lightweight. Flexible. 360-degree comfort.</li>
</ul>
",,Best Use:Everyday;Gender:Unisex,2024-02-01 00:00:00,y,0,,Sandals,"10001-530-M10W12,10001-530-M11,10001-530-M5W7,10001-530-M6W8,10001-530-M7W9,10001-530-M8W10,10001-530-M9W11",https://www.wildearth.com.au/assets/full/10001-530.jpg,https://www.wildearth.com.au/~5741149,79.99,79.99,All Products > Footwear > Shoes > Casual Shoes;All Products > Footwear > Shoes > Water Shoes
10001-530-M10W12,10001-530,10001-530-Purple,Crocs Classic Unisex Clogs - Lavender - US M10/W12,Crocs,,,,Size:US10;Best Use:Everyday;Gender:Unisex;Colour:Purple,2024-02-01 00:00:00,y,0,841158099658,Sandals,,https://www.wildearth.com.au/assets/full/10001-530.jpg,https://www.wildearth.com.au/buy/crocs-unisex-adult-classic-clog-lavender-m10w12/10001-530-M10W12,79.99,79.99,All Products > Footwear > Shoes > Casual Shoes;All Products > Footwear > Shoes > Water Shoes
10001-530-M11,10001-530,10001-530-Purple,Crocs Classic Unisex Clogs - Lavender - US M11,Crocs,,,,Size:US11;Best Use:Everyday;Gender:Unisex;Colour:Purple,2024-02-01 00:00:00,y,0,191448616431,Sandals,,https://www.wildearth.com.au/assets/full/10001-530.jpg,https://www.wildearth.com.au/buy/crocs-unisex-adult-classic-clog-lavender-m11/10001-530-M11,79.99,79.99,All Products > Footwear > Shoes > Casual Shoes;All Products > Footwear > Shoes > Water Shoes
10001-530-M5W7,10001-530,10001-530-Purple,Crocs Classic Unisex Clogs - Lavender - US M5/W7,Crocs,,,,Size:US5;Best Use:Everyday;Gender:Unisex;Colour:Purple,2023-11-01 00:00:00,y,0,841158099603,Sandals,,https://www.wildearth.com.au/assets/full/10001-530.jpg,https://www.wildearth.com.au/buy/crocs-unisex-adult-classic-clog-lavender-m5w7/10001-530-M5W7,79.99,79.99,All Products > Footwear > Shoes > Casual Shoes;All Products > Footwear > Shoes > Water Shoes
10001-530-M6W8,10001-530,10001-530-Purple,Crocs Classic Unisex Clogs - Lavender - US M6/W8,Crocs,,,,Size:US6;Best Use:Everyday;Gender:Unisex;Colour:Purple,2024-02-01 00:00:00,y,0,841158099610,Sandals,,https://www.wildearth.com.au/assets/full/10001-530.jpg,https://www.wildearth.com.au/buy/crocs-unisex-adult-classic-clog-lavender-m6w8/10001-530-M6W8,79.99,79.99,All Products > Footwear > Shoes > Casual Shoes;All Products > Footwear > Shoes > Water Shoes
10001-530-M7W9,10001-530,10001-530-Purple,Crocs Classic Unisex Clogs - Lavender - US M7/W9,Crocs,,,,Size:US7;Best Use:Everyday;Gender:Unisex;Colour:Purple,2024-02-01 00:00:00,y,0,841158099627,Sandals,,https://www.wildearth.com.au/assets/full/10001-530.jpg,https://www.wildearth.com.au/buy/crocs-unisex-adult-classic-clog-lavender-m7w9/10001-530-M7W9,79.99,79.99,All Products > Footwear > Shoes > Casual Shoes;All Products > Footwear > Shoes > Water Shoes
10001-530-M8W10,10001-530,10001-530-Purple,Crocs Classic Unisex Clogs - Lavender - US M8/W10,Crocs,,,,Size:US8;Best Use:Everyday;Gender:Unisex;Colour:Purple,2024-02-01 00:00:00,y,0,841158099634,Sandals,,https://www.wildearth.com.au/assets/full/10001-530.jpg,https://www.wildearth.com.au/buy/crocs-unisex-adult-classic-clog-lavender-m8w10/10001-530-M8W10,79.99,79.99,All Products > Footwear > Shoes > Casual Shoes;All Products > Footwear > Shoes > Water Shoes
10001-530-M9W11,10001-530,10001-530-Purple,Crocs Classic Unisex Clogs - Lavender - US M9/W11,Crocs,,,,Size:US9;Best Use:Everyday;Gender:Unisex;Colour:Purple,2024-02-01 00:00:00,y,0,841158099641,Sandals,,https://www.wildearth.com.au/assets/full/10001-530.jpg,https://www.wildearth.com.au/buy/crocs-unisex-adult-classic-clog-lavender-m9w11/10001-530-M9W11,79.99,79.99,All Products > Footwear > Shoes > Casual Shoes;All Products > Footwear > Shoes > Water Shoes
10001-5AF,,10001-5AF,Crocs Classic Unisex Clog - Dreamscape,Crocs,"Original. Versatile. Comfortable. It&#39;s the iconic clog that started a comfort revolution around the world! The irreverent go-to comfort shoe that you&#39;re sure to fall deeper in love with day after day. Crocs Classic Clogs offer lightweight Iconic Crocs Comfort, a color for every personality, and an ongoing invitation to be comfortable in your own shoes.","<ul>
	<li>Incredibly light and fun to wear</li>
	<li>Water-friendly and buoyant; weighs only ounces</li>
	<li>Ventilation ports add breathability and help shed water and debris</li>
	<li>Easy to clean and quick to dry</li>
	<li>Pivoting heel straps for a more secure fit</li>
	<li>Customizable with Jibbitz charms</li>
	<li>Iconic Crocs Comfort: Lightweight. Flexible. 360-degree comfort.</li>
</ul>
","<p>PLEASE NOTE: While this is a unisex shoe - sizes are displayed in US Mens.&nbsp;</p>
",Best Use:Everyday;Gender:Unisex,2024-04-19 00:00:00,y,1,,Sandals,"10001-5AF-M10W12,10001-5AF-M11,10001-5AF-M12,10001-5AF-M13,10001-5AF-M4W6,10001-5AF-M5W7,10001-5AF-M6W8,10001-5AF-M7W9,10001-5AF-M8W10,10001-5AF-M9W11",https://www.wildearth.com.au/assets/full/10001-5AF.jpg,https://www.wildearth.com.au/buy/crocs-classic-unisex-clog-dreamscape/10001-5AF,79.99,32,All Products > Footwear > Shoes > Casual Shoes;All Products > Footwear > Shoes > Water Shoes
10001-5AF-M11,10001-5AF,10001-5AF-Grey,Crocs Classic Unisex Clog - Dreamscape - Mens US 11,Crocs,,,,Size:US11;Best Use:Everyday;Gender:Unisex;Colour:Grey,2024-03-14 00:00:00,y,0,196265531752,Sandals,,https://www.wildearth.com.au/assets/full/10001-5AF-M11.jpg,https://www.wildearth.com.au/buy/crocs-classic-clog-dreamscape-m11/10001-5AF-M11,79.99,79.99,All Products > Footwear > Shoes > Casual Shoes;All Products > Footwear > Shoes > Water Shoes
10001-5AF-M12,10001-5AF,10001-5AF-Grey,Crocs Classic Unisex Clog - Dreamscape - US M12,Crocs,,,,Size:US12;Best Use:Everyday;Gender:Unisex;Colour:Grey,2024-03-14 00:00:00,y,1,196265531769,Sandals,,https://www.wildearth.com.au/assets/full/10001-5AF-M12.jpg,https://www.wildearth.com.au/buy/crocs-classic-clog-dreamscape-m12/10001-5AF-M12,79.99,32,All Products > Footwear > Shoes > Casual Shoes;All Products > Footwear > Shoes > Water Shoes
10001-5BX,,10001-5BX,Crocs Classic Unisex Clogs - Hydrangea,Crocs,"Original. Versatile. Comfortable. It&#39;s the iconic clog that started a comfort revolution around the world! The irreverent go-to comfort shoe that you&#39;re sure to fall deeper in love with day after day. Crocs Classic Clogs offer lightweight Iconic Crocs Comfort, a color for every personality, and an ongoing invitation to be comfortable in your own shoes.","<ul>
	<li>Incredibly light and fun to wear</li>
	<li>Water-friendly and buoyant; weighs only ounces</li>
	<li>Ventilation ports add breathability and help shed water and debris</li>
	<li>Easy to clean and quick to dry</li>
	<li>Pivoting heel straps for a more secure fit</li>
	<li>Customizable with Jibbitz&nbsp;charms</li>
	<li>Iconic Crocs Comfort: Lightweight. Flexible. 360-degree comfort.</li>
</ul>
",,Best Use:Everyday;Gender:Unisex;Colour:Pink,2025-04-11 00:00:00,y,0,,Casual Shoes,"10001-5BX-M4W6,10001-5BX-M5W7,10001-5BX-M6W8,10001-5BX-M7W9,10001-5BX-M8W10,10001-5BX-M9W11",https://www.wildearth.com.au/assets/full/10001-5BX.webp,https://www.wildearth.com.au/buy/crocs-classic-unisex-clogs-hydrangea/10001-5BX,79.99,79.99,All Products > Gifts under $100;All Products > Footwear > Shoes > Casual Shoes
10001-5BX-M4W6,10001-5BX,10001-5BX-Pink,Crocs Classic Unisex Clogs - Hydrangea - US M4/W6,Crocs,,,,Size:US4;Best Use:Everyday;Gender:Unisex;Colour:Pink,2025-04-11 00:00:00,y,0,198445154508,Casual Shoes,,https://www.wildearth.com.au/assets/full/10001-5BX.webp,https://www.wildearth.com.au/buy/crocs-classic-hydrangea-m4-w6/10001-5BX-M4W6,79.99,79.99,All Products > Gifts under $100;All Products > Footwear > Shoes > Casual Shoes
10001-5BX-M5W7,10001-5BX,10001-5BX-Pink,Crocs Classic Unisex Clogs - Hydrangea - US M5/W7,Crocs,,,,Size:US5;Best Use:Everyday;Gender:Unisex;Colour:Pink,2025-04-11 00:00:00,y,0,198445154515,Casual Shoes,,https://www.wildearth.com.au/assets/full/10001-5BX.webp,https://www.wildearth.com.au/buy/crocs-classic-hydrangea-m5-w7/10001-5BX-M5W7,79.99,79.99,All Products > Gifts under $100;All Products > Footwear > Shoes > Casual Shoes
10001-5BX-M6W8,10001-5BX,10001-5BX-Pink,Crocs Classic Unisex Clogs - Hydrangea - US M6/W8,Crocs,,,,Size:US6;Best Use:Everyday;Gender:Unisex;Colour:Pink,2025-04-11 00:00:00,y,0,198445154522,Casual Shoes,,https://www.wildearth.com.au/assets/full/10001-5BX.webp,https://www.wildearth.com.au/buy/crocs-classic-hydrangea-m6-w8/10001-5BX-M6W8,79.99,79.99,All Products > Gifts under $100;All Products > Footwear > Shoes > Casual Shoes
10001-5BX-M7W9,10001-5BX,10001-5BX-Pink,Crocs Classic Unisex Clogs - Hydrangea - US M7/W9,Crocs,,,,Size:US7;Best Use:Everyday;Gender:Unisex;Colour:Pink,2025-04-11 00:00:00,y,0,198445154539,Casual Shoes,,https://www.wildearth.com.au/assets/full/10001-5BX.webp,https://www.wildearth.com.au/buy/crocs-classic-hydrangea-m7-w9/10001-5BX-M7W9,79.99,79.99,All Products > Gifts under $100;All Products > Footwear > Shoes > Casual Shoes
10001-5BX-M8W10,10001-5BX,10001-5BX-Pink,Crocs Classic Unisex Clogs - Hydrangea - US M8/W10,Crocs,,,,Size:US8;Best Use:Everyday;Gender:Unisex;Colour:Pink,2025-04-11 00:00:00,y,0,198445154546,Casual Shoes,,https://www.wildearth.com.au/assets/full/10001-5BX.webp,https://www.wildearth.com.au/buy/crocs-classic-hydrangea-m8-w10/10001-5BX-M8W10,79.99,79.99,All Products > Gifts under $100;All Products > Footwear > Shoes > Casual Shoes
10001-5BX-M9W11,10001-5BX,10001-5BX-Pink,Crocs Classic Unisex Clogs - Hydrangea - US M9/W11,Crocs,,,,Size:US9;Best Use:Everyday;Gender:Unisex;Colour:Pink,2025-04-11 00:00:00,y,0,198445154553,Casual Shoes,,https://www.wildearth.com.au/assets/full/10001-5BX.webp,https://www.wildearth.com.au/buy/crocs-classic-hydrangea-m9-w11/10001-5BX-M9W11,79.99,79.99,All Products > Gifts under $100;All Products > Footwear > Shoes > Casual Shoes
10001-78Z,,10001-78Z,Crocs Classic Unisex Clogs - Golden Hour,Crocs,"Original. Versatile. Comfortable. It&#39;s the iconic clog that started a comfort revolution around the world! The irreverent go-to comfort shoe that you&#39;re sure to fall deeper in love with day after day. Crocs Classic Clogs offer lightweight Iconic Crocs Comfort, a color for every personality, and an ongoing invitation to be comfortable in your own shoes.","<ul>
	<li>Incredibly light and fun to wear</li>
	<li>Water-friendly and buoyant; weighs only ounces</li>
	<li>Ventilation ports add breathability and help shed water and debris</li>
	<li>Easy to clean and quick to dry</li>
	<li>Pivoting heel straps for a more secure fit</li>
	<li>Customizable with Jibbitz&nbsp;charms</li>
	<li>Iconic Crocs Comfort: Lightweight. Flexible. 360-degree comfort.</li>
</ul>
",,Best Use:Everyday;Gender:Unisex;Colour:Yellow,2025-04-11 00:00:00,y,0,,Casual Shoes,"10001-78Z-M4W6,10001-78Z-M5W7,10001-78Z-M6W8,10001-78Z-M7W9,10001-78Z-M8W10,10001-78Z-M9W11",https://www.wildearth.com.au/assets/full/10001-78Z.webp,https://www.wildearth.com.au/buy/crocs-classic-unisex-clogs-golden-hou/10001-78Z,79.99,79.99,All Products > Footwear > Shoes > Casual Shoes
10001-78Z-M4W6,10001-78Z,10001-78Z-Yellow,Crocs Classic Unisex Clogs - Golden Hour - US M4/W6,Crocs,,,,Size:US4;Best Use:Everyday;Gender:Unisex;Colour:Yellow,2025-04-11 00:00:00,y,0,198445154812,Casual Shoes,,https://www.wildearth.com.au/assets/full/10001-78Z.webp,https://www.wildearth.com.au/buy/crocs-classic-golden-hour-m4-w6/10001-78Z-M4W6,79.99,79.99,All Products > Footwear > Shoes > Casual Shoes
10001-78Z-M5W7,10001-78Z,10001-78Z-Yellow,Crocs Classic Unisex Clogs - Golden Hour - US M5/W7,Crocs,,,,Size:US5;Best Use:Everyday;Gender:Unisex;Colour:Yellow,2025-04-11 00:00:00,y,0,198445154829,Casual Shoes,,https://www.wildearth.com.au/assets/full/10001-78Z.webp,https://www.wildearth.com.au/buy/crocs-classic-golden-hour-m5-w7/10001-78Z-M5W7,79.99,79.99,All Products > Footwear > Shoes > Casual Shoes
10001-78Z-M6W8,10001-78Z,10001-78Z-Yellow,Crocs Classic Unisex Clogs - Golden Hour - US M6/W8,Crocs,,,,Size:US6;Best Use:Everyday;Gender:Unisex;Colour:Yellow,2025-04-11 00:00:00,y,0,198445154836,Casual Shoes,,https://www.wildearth.com.au/assets/full/10001-78Z.webp,https://www.wildearth.com.au/buy/crocs-classic-golden-hour-m6-w8/10001-78Z-M6W8,79.99,79.99,All Products > Footwear > Shoes > Casual Shoes
10001-78Z-M7W9,10001-78Z,10001-78Z-Yellow,Crocs Classic Unisex Clogs - Golden Hour - US M7/W9,Crocs,,,,Size:US7;Best Use:Everyday;Gender:Unisex;Colour:Yellow,2025-04-11 00:00:00,y,0,198445154843,Casual Shoes,,https://www.wildearth.com.au/assets/full/10001-78Z.webp,https://www.wildearth.com.au/buy/crocs-classic-golden-hour-m7-w9/10001-78Z-M7W9,79.99,79.99,All Products > Footwear > Shoes > Casual Shoes
10001-78Z-M8W10,10001-78Z,10001-78Z-Yellow,Crocs Classic Unisex Clogs - Golden Hour - US M8/W10,Crocs,,,,Size:US8;Best Use:Everyday;Gender:Unisex;Colour:Yellow,2025-04-11 00:00:00,y,0,198445154850,Casual Shoes,,https://www.wildearth.com.au/assets/full/10001-78Z.webp,https://www.wildearth.com.au/buy/crocs-classic-golden-hour-m8-w10/10001-78Z-M8W10,79.99,79.99,All Products > Footwear > Shoes > Casual Shoes
10001-78Z-M9W11,10001-78Z,10001-78Z-Yellow,Crocs Classic Unisex Clogs - Golden Hour - US M9/W11,Crocs,,,,Size:US9;Best Use:Everyday;Gender:Unisex;Colour:Yellow,2025-04-11 00:00:00,y,0,198445154867,Casual Shoes,,https://www.wildearth.com.au/assets/full/10001-78Z.webp,https://www.wildearth.com.au/buy/crocs-classic-golden-hour-m9-w11/10001-78Z-M9W11,79.99,79.99,All Products > Footwear > Shoes > Casual Shoes
10001-Navy,,10001-Navy,Crocs Classic Unisex Clogs - Navy,Crocs,"Original. Versatile. Comfortable. It’s the iconic clog that started a comfort revolution around the world! The irreverent go-to comfort shoe that you&#39;re sure to fall deeper in love with day after day. Crocs Classic Clogs offer lightweight Iconic Crocs Comfort™, a color for every personality, and an ongoing invitation to be comfortable in your own shoes.","<ul>
	<li>Slip On Design: Enjoy our slip on design that is perfect for those on-the-go. Our classic clog is ideal for little kids, big kids, and adults!</li>
	<li>Perfect Fit: Find the perfect fit for you: Roomy, Relaxed, or Standard. Learn more about our classic clog below.</li>
	<li>Incredibly light and fun to wear</li>
	<li>Water-friendly and buoyant; weighs only ounces</li>
	<li>Ventilation ports add breathability and help shed water and debris</li>
	<li>Easy to clean and quick to dry</li>
	<li>Slip on design for ease of use</li>
	<li>Pivoting heel straps for a more secure fit</li>
	<li>Customizable with Jibbitz™ charms (sold separately)</li>
	<li>Iconic Crocs Comfort™: Lightweight. Flexible. 360-degree comfort</li>
</ul>
","<p>PLEASE NOTE SIZES ARE SHOWN IN US MENS</p>
",Best Use:Everyday;Gender:Unisex;Colour:Blue,2022-11-21 00:00:00,y,0,,Sandals,"10001-Navy-M10,10001-Navy-M11,10001-Navy-M12,10001-Navy-M13,10001-Navy-M5,10001-Navy-M6,10001-Navy-M7,10001-Navy-M8,10001-Navy-M9",https://www.wildearth.com.au/assets/full/10001-Navy.jpg,https://www.wildearth.com.au/buy/crocs-classic-unisex-clogs-navy/10001-Navy,79.99,79.99,All Products > Footwear > Shoes > Casual Shoes;All Products > Footwear > Shoes > Water Shoes
10001-Navy-M10,10001-Navy,10001-Navy-Blue,Crocs Classic Unisex Clogs - Navy - US M10/W12,Crocs,"Original. Versatile. Comfortable. It?s the iconic clog that started a comfort revolution around the world! The irreverent go-to comfort shoe that you&#39;re sure to fall deeper in love with day after day. Crocs Classic Clogs offer lightweight Iconic Crocs Comfort?, a color for every personality, and an ongoing invitation to be comfortable in your own shoes.",,,Size:US10;Best Use:Everyday;Gender:Unisex;Colour:Blue,2022-11-21 00:00:00,y,0,841158002757,Sandals,,https://www.wildearth.com.au/assets/full/10001-Navy.jpg,https://www.wildearth.com.au/buy/crocs-classic-navy-m10/10001-Navy-M10,79.99,79.99,All Products > Footwear > Shoes > Casual Shoes;All Products > Gifts for Him;All Products > Footwear > Shoes > Water Shoes
10001-Navy-M11,10001-Navy,10001-Navy-Blue,Crocs Classic Unisex Clogs - Navy - US M11/W13,Crocs,"Original. Versatile. Comfortable. It?s the iconic clog that started a comfort revolution around the world! The irreverent go-to comfort shoe that you&#39;re sure to fall deeper in love with day after day. Crocs Classic Clogs offer lightweight Iconic Crocs Comfort?, a color for every personality, and an ongoing invitation to be comfortable in your own shoes.",,,Size:US11;Best Use:Everyday;Gender:Unisex;Colour:Blue,2022-11-21 00:00:00,y,0,841158002764,Sandals,,https://www.wildearth.com.au/assets/full/10001-Navy.jpg,https://www.wildearth.com.au/buy/crocs-classic-navy-m11/10001-Navy-M11,79.99,79.99,All Products > Footwear > Shoes > Casual Shoes;All Products > Footwear > Shoes > Water Shoes
10001-Navy-M12,10001-Navy,10001-Navy-Blue,Crocs Classic Unisex Clogs - Navy - US M12/W14,Crocs,"Original. Versatile. Comfortable. It?s the iconic clog that started a comfort revolution around the world! The irreverent go-to comfort shoe that you&#39;re sure to fall deeper in love with day after day. Crocs Classic Clogs offer lightweight Iconic Crocs Comfort?, a color for every personality, and an ongoing invitation to be comfortable in your own shoes.",,,Size:US12;Best Use:Everyday;Gender:Unisex;Colour:Blue,2022-11-21 00:00:00,y,0,841158002771,Sandals,,https://www.wildearth.com.au/assets/full/10001-Navy.jpg,https://www.wildearth.com.au/buy/crocs-classic-navy-m12/10001-Navy-M12,79.99,79.99,All Products > Footwear > Shoes > Casual Shoes;All Products > Footwear > Shoes > Water Shoes
10001-Navy-M13,10001-Navy,10001-Navy-Blue,Crocs Classic Unisex Clogs - Navy - US M13/W15,Crocs,"Original. Versatile. Comfortable. It?s the iconic clog that started a comfort revolution around the world! The irreverent go-to comfort shoe that you&#39;re sure to fall deeper in love with day after day. Crocs Classic Clogs offer lightweight Iconic Crocs Comfort?, a color for every personality, and an ongoing invitation to be comfortable in your own shoes.",,,Size:US13;Best Use:Everyday;Gender:Unisex;Colour:Blue,2022-11-21 00:00:00,y,0,841158002788,Sandals,,https://www.wildearth.com.au/assets/full/10001-Navy.jpg,https://www.wildearth.com.au/buy/crocs-classic-navy-m13/10001-Navy-M13,79.99,79.99,All Products > Footwear > Shoes > Casual Shoes;All Products > Footwear > Shoes > Water Shoes
10001-Navy-M5,10001-Navy,10001-Navy-Blue,Crocs Classic Unisex Clogs - Navy - US M5/W7,Crocs,"Original. Versatile. Comfortable. It?s the iconic clog that started a comfort revolution around the world! The irreverent go-to comfort shoe that you&#39;re sure to fall deeper in love with day after day. Crocs Classic Clogs offer lightweight Iconic Crocs Comfort?, a color for every personality, and an ongoing invitation to be comfortable in your own shoes.",,,Size:US5;Best Use:Everyday;Gender:Unisex;Colour:Blue,2022-11-21 00:00:00,y,0,841158002702,Sandals,,https://www.wildearth.com.au/assets/full/10001-Navy.jpg,https://www.wildearth.com.au/buy/crocs-classic-navy-m5/10001-Navy-M5,79.99,79.99,All Products > Footwear > Shoes > Casual Shoes;All Products > Footwear > Shoes > Water Shoes
10001-Navy-M6,10001-Navy,10001-Navy-Blue,Crocs Classic Unisex Clogs - Navy - US M6/W8,Crocs,"Original. Versatile. Comfortable. It?s the iconic clog that started a comfort revolution around the world! The irreverent go-to comfort shoe that you&#39;re sure to fall deeper in love with day after day. Crocs Classic Clogs offer lightweight Iconic Crocs Comfort?, a color for every personality, and an ongoing invitation to be comfortable in your own shoes.",,,Size:US6;Best Use:Everyday;Gender:Unisex;Colour:Blue,2022-11-21 00:00:00,y,0,841158002719,Sandals,,https://www.wildearth.com.au/assets/full/10001-Navy.jpg,https://www.wildearth.com.au/buy/crocs-classic-navy-m6/10001-Navy-M6,79.99,79.99,All Products > Footwear > Shoes > Casual Shoes;All Products > Footwear > Shoes > Water Shoes
10001-Navy-M7,10001-Navy,10001-Navy-Blue,Crocs Classic Unisex Clogs - Navy - US M7/W9,Crocs,"Original. Versatile. Comfortable. It?s the iconic clog that started a comfort revolution around the world! The irreverent go-to comfort shoe that you&#39;re sure to fall deeper in love with day after day. Crocs Classic Clogs offer lightweight Iconic Crocs Comfort?, a color for every personality, and an ongoing invitation to be comfortable in your own shoes.",,,Size:US7;Best Use:Everyday;Gender:Unisex;Colour:Blue,2022-11-21 00:00:00,y,0,841158002726,Sandals,,https://www.wildearth.com.au/assets/full/10001-Navy.jpg,https://www.wildearth.com.au/buy/crocs-classic-navy-m7/10001-Navy-M7,79.99,79.99,All Products > Footwear > Shoes > Casual Shoes;All Products > Footwear > Shoes > Water Shoes
10001-Navy-M8,10001-Navy,10001-Navy-Blue,Crocs Classic Unisex Clogs - Navy - US M8/W10,Crocs,"Original. Versatile. Comfortable. It?s the iconic clog that started a comfort revolution around the world! The irreverent go-to comfort shoe that you&#39;re sure to fall deeper in love with day after day. Crocs Classic Clogs offer lightweight Iconic Crocs Comfort?, a color for every personality, and an ongoing invitation to be comfortable in your own shoes.",,,Size:US8;Best Use:Everyday;Gender:Unisex;Colour:Blue,2022-11-21 00:00:00,y,0,841158002733,Sandals,,https://www.wildearth.com.au/assets/full/10001-Navy.jpg,https://www.wildearth.com.au/buy/crocs-classic-navy-m8/10001-Navy-M8,79.99,79.99,All Products > Footwear > Shoes > Casual Shoes;All Products > Footwear > Shoes > Water Shoes
10001-Navy-M9,10001-Navy,10001-Navy-Blue,Crocs Classic Unisex Clogs - Navy - US M9/W11,Crocs,"12345 Original. Versatile. Comfortable. It?s the iconic clog that started a comfort revolution around the world! The irreverent go-to comfort shoe that you&#39;re sure to fall deeper in love with day after day. Crocs Classic Clogs offer lightweight Iconic Crocs Comfort?, a color for every personality, and an ongoing invitation to be comfortable in your own shoes.",,,Size:US9;Best Use:Everyday;Gender:Unisex;Colour:Blue,2022-11-21 00:00:00,y,0,841158002740,Sandals,,https://www.wildearth.com.au/assets/full/10001-Navy.jpg,https://www.wildearth.com.au/buy/crocs-classic-navy-m9/10001-Navy-M9,79.99,79.99,All Products > Footwear > Shoes > Casual Shoes;All Products > Footwear > Shoes > Water Shoes
100017-1165,,100017-1165,Mons Royale Olympus Womens 1/2 Zip Merino Base Layer Long Sleeve Top,Mons Royale,Ultimate warmth. Designed for the coldest days and the biggest adventure. Olympus is our warmest base layer offering unrivalled warmth to weight ratio and strategically placed mesh panels to ensure breathability. We use midweight 250 merino wool with added elastane so that Olympus will keep its shape and last longer.,"<ul>
	<li>Half-zip for ventilation</li>
	<li>Raglan sleeves for easy movement</li>
	<li>Merino mesh underarm panels</li>
	<li>Flatlocked seams to prevent friction</li>
	<li>Thumb loops.</li>
</ul>
","<p>Fabric Type: Merino Blend<br />
Weight: 250gsm<br />
Blend: 97% Merino Wool, 3% Elastane<br />
Fit: Slim</p>
",Eco Friendly:Yes;Shirt Type:Long Sleeve;B Corp:Yes;Best Use:Hiking;Clothing Type:Baselayer;Natural Fibre:Yes;Gender:Women,2025-03-05 00:00:00,y,0,,Thermals,"100017-1165-834-L,100017-1165-834-M,100017-1165-834-S",https://www.wildearth.com.au/assets/full/100017-1165.webp,https://www.wildearth.com.au/buy/mons-royale-olympus-womens-1-2-zip-merino-base-lay/100017-1165,179.95,179.95,All Products > Clothing > Bottoms > Thermals
100017-1165-834-L,100017-1165,100017-1165-Grey,Mons Royale Olympus Womens 1/2 Zip Merino Base Layer Long Sleeve Top - Glacier/Dew/Black - L,Mons Royale,,,,Eco Friendly:Yes;B Corp:Yes;Best Use:Hiking;Gender:Women;Colours:Glacier/Dew/Black;Shirt Type:Long Sleeve;Size:L;Clothing Type:Baselayer;Natural Fibre:Yes;Colour:Grey,2025-03-05 00:00:00,y,0,9420070060086,Thermals,,https://www.wildearth.com.au/assets/full/100017-1165-834-L.webp,https://www.wildearth.com.au/buy/mons-royale-womens-olympus-merino-base-layer-1-2-z/100017-1165-834-L,179.95,179.95,All Products > Clothing > Bottoms > Thermals
100017-1165-834-M,100017-1165,100017-1165-Grey,Mons Royale Olympus Womens 1/2 Zip Merino Base Layer Long Sleeve Top - Glacier/Dew/Black - M,Mons Royale,,,,Eco Friendly:Yes;B Corp:Yes;Best Use:Hiking;Gender:Women;Colours:Glacier/Dew/Black;Shirt Type:Long Sleeve;Size:M;Clothing Type:Baselayer;Natural Fibre:Yes;Colour:Grey,2025-03-05 00:00:00,y,0,9420070060079,Thermals,,https://www.wildearth.com.au/assets/full/100017-1165-834-M.webp,https://www.wildearth.com.au/buy/mons-royale-womens-olympus-merino-base-layer-1-2-z/100017-1165-834-M,179.95,179.95,All Products > Clothing > Bottoms > Thermals
100017-1165-834-S,100017-1165,100017-1165-Grey,Mons Royale Olympus Womens 1/2 Zip Merino Base Layer Long Sleeve Top - Glacier/Dew/Black - S,Mons Royale,,,,Eco Friendly:Yes;B Corp:Yes;Best Use:Hiking;Gender:Women;Colours:Glacier/Dew/Black;Shirt Type:Long Sleeve;Size:S;Clothing Type:Baselayer;Natural Fibre:Yes;Colour:Grey,2025-03-05 00:00:00,y,0,9420070060062,Thermals,,https://www.wildearth.com.au/assets/full/100017-1165-834-S.webp,https://www.wildearth.com.au/buy/mons-royale-womens-olympus-merino-base-layer-1-2-z/100017-1165-834-S,179.95,179.95,All Products > Clothing > Bottoms > Thermals
100019-1169,,100019-1169,Mons Royale Olympus Womens Merino Base Layer Leggings test 123,Mons Royale,Ultimate warmth. Designed for the coldest days and the biggest adventure. Olympus is our warmest baselayer offering unrivalled warmth to weight ratio and strategically placed mesh panels to ensure breathability. We use midweight 250 merino wool with added elastane so that Olympus will keep its shape and last longer.,"<ul>
	<li>Full length baselayer Leggings</li>
	<li>Flatlocked seams to prevent friction</li>
	<li>Merino mesh panels behind knee</li>
</ul>
","<p>Fabric Type: Merino Blend<br />
Weight: 250gsm<br />
Blend: 97% Merino Wool, 3% Elastane<br />
Fit: Slim</p>
",Eco Friendly:Yes;B Corp:Yes;Best Use:Hiking;Gender:Women;Clothing Type:Baselayer;Natural Fibre:Yes,2025-03-05 00:00:00,y,0,,Thermals,"100019-1169-001-L,100019-1169-001-M,100019-1169-001-S",https://www.wildearth.com.au/assets/full/100019-1169.webp,https://www.wildearth.com.au/buy/mons-royale-olympus-womens-merino-base-layer-leggi/100019-1169,139.95,139.95,All Products > Clothing > Bottoms > Thermals
100019-1169-001-L,100019-1169,100019-1169-Black,Mons Royale Olympus Womens Merino Base Layer Leggings - Black - L,Mons Royale,,,,Eco Friendly:Yes;B Corp:Yes;Best Use:Hiking;Gender:Women;Colours:Black;Size:L;Clothing Type:Baselayer;Natural Fibre:Yes;Colour:Black,2025-03-05 00:00:00,y,0,9420070006893,Thermals,,https://www.wildearth.com.au/assets/full/100019-1169-001-L.webp,https://www.wildearth.com.au/buy/mons-royale-womens-olympus-merino-base-layer-leggi/100019-1169-001-L,139.95,139.95,All Products > Clothing > Bottoms > Thermals
100019-1169-001-M,100019-1169,100019-1169-Black,Mons Royale Olympus Womens Merino Base Layer Leggings - Black - M,Mons Royale,,,,Eco Friendly:Yes;B Corp:Yes;Best Use:Hiking;Gender:Women;Colours:Black;Size:M;Clothing Type:Baselayer;Natural Fibre:Yes;Colour:Black,2025-03-05 00:00:00,y,0,9420070006886,Thermals,,https://www.wildearth.com.au/assets/full/100019-1169-001-M.webp,https://www.wildearth.com.au/buy/mons-royale-womens-olympus-merino-base-layer-leggi/100019-1169-001-M,139.95,139.95,All Products > Clothing > Bottoms > Thermals
100019-1169-001-S,100019-1169,100019-1169-Black,Mons Royale Olympus Womens Merino Base Layer Leggings - Black - S,Mons Royale,,,,Eco Friendly:Yes;B Corp:Yes;Best Use:Hiking;Gender:Women;Colours:Black;Size:S;Clothing Type:Baselayer;Natural Fibre:Yes;Colour:Black,2025-03-05 00:00:00,n,0,9420070006879,Thermals,,https://www.wildearth.com.au/assets/full/100019-1169-001-S.webp,https://www.wildearth.com.au/buy/mons-royale-womens-olympus-merino-base-layer-leggi/100019-1169-001-S,139.95,139.95,All Products > Clothing > Bottoms > Thermals
100022-1169,,100022-1169,Mons Royale Yotei Womens Merino Long Sleeve Top,Mons Royale,"The original loose fitting base layer with 100% natural warmth. The technical performance of merino matched with uncompromised style, the Yotei can be worn on its own or over a base layer. Made using our 100% Merino, which is warm, breathable and odour resistant.","<ul>
	<li>Mons standard fit</li>
	<li>First layer fit, base layer warmth</li>
	<li>Long length</li>
	<li>Thumb loops.</li>
</ul>
","<p>Fabric Type: 100% Merino Wool<br />
Weight: 190gsm<br />
Blend: 100% Merino Wool<br />
Fit: Standard</p>
",Eco Friendly:Yes;B Corp:Yes;Best Use:Hiking;Gender:Women;Shirt Type:Long Sleeve;Clothing Type:Casual;Natural Fibre:Yes,2025-03-05 00:00:00,y,0,,T-Shirts,"100022-1169-334-L,100022-1169-334-M,100022-1169-334-S,100022-1169-598-L,100022-1169-598-M,100022-1169-598-S,100022-1169-724-L,100022-1169-724-M,100022-1169-724-S,100022-1169-724-XL,100022-1169-820-L,100022-1169-820-M,100022-1169-820-S",https://www.wildearth.com.au/assets/full/100022-1169.webp,https://www.wildearth.com.au/buy/mons-royale-yotei-ls-womens-t-shirt/100022-1169,159.95,159.95,All Products > Clothing > Tops > T-Shirts
100022-1169-820-L,100022-1169,100022-1169-Grey,Mons Royale Yotei Womens Merino Long Sleeve Top - Glacier/Dew - L,Mons Royale,,,,Eco Friendly:Yes;B Corp:Yes;Best Use:Hiking;Gender:Women;Colours:Glacier/Dew;Shirt Type:Long Sleeve;Size:L;Clothing Type:Casual;Natural Fibre:Yes;Colour:Grey,2025-03-05 00:00:00,y,0,9420070060185,T-Shirts,,https://www.wildearth.com.au/assets/full/100022-1169-820-L.webp,https://www.wildearth.com.au/buy/mons-royale-womens-yotei-merino-long-sleeve-glacie/100022-1169-820-L,159.95,159.95,All Products > Clothing > Tops > T-Shirts
100022-1169-820-M,100022-1169,100022-1169-Grey,Mons Royale Yotei Womens Merino Long Sleeve Top - Glacier/Dew - M,Mons Royale,,,,Eco Friendly:Yes;B Corp:Yes;Best Use:Hiking;Gender:Women;Colours:Glacier/Dew;Shirt Type:Long Sleeve;Size:M;Clothing Type:Casual;Natural Fibre:Yes;Colour:Grey,2025-03-05 00:00:00,y,0,9420070060178,T-Shirts,,https://www.wildearth.com.au/assets/full/100022-1169-820-M.webp,https://www.wildearth.com.au/buy/mons-royale-womens-yotei-merino-long-sleeve-glacie/100022-1169-820-M,159.95,159.95,All Products > Clothing > Tops > T-Shirts
100022-1169-820-S,100022-1169,100022-1169-Grey,Mons Royale Yotei Womens Merino Long Sleeve Top - Glacier/Dew - S,Mons Royale,,,,Eco Friendly:Yes;B Corp:Yes;Best Use:Hiking;Gender:Women;Colours:Glacier/Dew;Shirt Type:Long Sleeve;Size:S;Clothing Type:Casual;Natural Fibre:Yes;Colour:Grey,2025-03-05 00:00:00,y,0,9420070060161,T-Shirts,,https://www.wildearth.com.au/assets/full/100022-1169-820-S.webp,https://www.wildearth.com.au/buy/mons-royale-womens-yotei-merino-long-sleeve-glacie/100022-1169-820-S,159.95,159.95,All Products > Clothing > Tops > T-Shirts
100028-1165,,100028-1165,Mons Royale Bella Tech Womens Hoodie,Mons Royale,"Bella Tech is an active baselayer designed for multisport use. It is lightweight, has a slim fit silhouette and is packed with features to deliver performance in all conditions. Bella Tech uses our ultra-lite Merino Air-Con 140. Nature&#39;s climate control - It keeps you cool when you&#39;re hot, warm when its not.","<ul>
	<li>Merino Air-Con 140</li>
	<li>Mons slim fit</li>
	<li>Zip hood for ease of venting</li>
	<li>Breathable merino mesh back</li>
	<li>Raglan sleeves and flatlocked seams</li>
	<li>Drop tail for extra coverage</li>
	<li>Thumb loops</li>
</ul>
","<p>Fit: Slim<br />
Fabric: Merino Air-Con<br />
Weight: 140gsm<br />
Blend: 83% Merino Wool 13% Nylon 4% Elastane</p>
",Eco Friendly:Yes;B Corp:Yes;Best Use:Hiking;Gender:Women;Clothing Type:Casual;Natural Fibre:Yes,2023-05-04 00:00:00,y,0,,Jackets,"100028-1165-001-L,100028-1165-001-M,100028-1165-001-S,100028-1165-001-XL,100028-1165-001-XS,100028-1165-638-L,100028-1165-638-M,100028-1165-638-S,100028-1165-765-L,100028-1165-765-M,100028-1165-765-S",https://www.wildearth.com.au/assets/full/100028-1165.jpg,https://www.wildearth.com.au/buy/mons-royale-bella-tech-merino-baselayer-womens-hoo/100028-1165,159.95,159.95,All Products > Clothing > Tops > Thermals;All Products > Clothing > Tops > Hoodies & Sweatshirts
100028-1165-001-L,100028-1165,100028-1165-Black,Mons Royale Bella Tech Merino Baselayer Womens Hoodie - Black - L,Mons Royale,"Bella Tech is an active baselayer designed for multisport use. It is lightweight, has a slim fit silhouette and is packed with features to deliver performance in all conditions. Bella Tech uses our ultra-lite Merino Air-Con 140. Nature&#39;s climate control - It keeps you cool when you&#39;re hot, warm when its not.","<ul>
	<li>Merino Air-Con 140</li>
	<li>Mons slim fit</li>
	<li>Zip hood for ease of venting</li>
	<li>Breathable merino mesh back</li>
	<li>Raglan sleeves and flatlocked seams</li>
	<li>Drop tail for extra coverage</li>
	<li>Thumb loops</li>
</ul>
","<p>Fit: Slim<br />
Fabric: Merino Air-Con<br />
Weight: 140gsm<br />
Blend: 83% Merino Wool 13% Nylon 4% Elastane</p>
",Eco Friendly:Yes;B Corp:Yes;Best Use:Hiking;Gender:Women;Colours:Black;Size:L;Clothing Type:Fleece;Natural Fibre:Yes;Colour:Black,2022-06-24 00:00:00,y,0,9420057482825,Jackets,,https://www.wildearth.com.au/assets/full/100028-1165-001-L.jpg,https://www.wildearth.com.au/buy/womens-bella-tech-hood-black-l/100028-1165-001-L,159.95,159.95,All Products > Clothing > Tops > Thermals;All Products > Clothing > Tops > Hoodies & Sweatshirts
100028-1165-001-M,100028-1165,100028-1165-Black,Mons Royale Bella Tech Merino Baselayer Womens Hoodie - Black - M,Mons Royale,"Bella Tech is an active baselayer designed for multisport use. It is lightweight, has a slim fit silhouette and is packed with features to deliver performance in all conditions. Bella Tech uses our ultra-lite Merino Air-Con 140. Nature&#39;s climate control - It keeps you cool when you&#39;re hot, warm when its not.","<ul>
	<li>Merino Air-Con 140</li>
	<li>Mons slim fit</li>
	<li>Zip hood for ease of venting</li>
	<li>Breathable merino mesh back</li>
	<li>Raglan sleeves and flatlocked seams</li>
	<li>Drop tail for extra coverage</li>
	<li>Thumb loops</li>
</ul>
","<p>Fit: Slim<br />
Fabric: Merino Air-Con<br />
Weight: 140gsm<br />
Blend: 83% Merino Wool 13% Nylon 4% Elastane</p>
",Eco Friendly:Yes;B Corp:Yes;Best Use:Hiking;Gender:Women;Colours:Black;Size:M;Clothing Type:Fleece;Natural Fibre:Yes;Colour:Black,2022-06-24 00:00:00,y,0,9420057482818,Jackets,,https://www.wildearth.com.au/assets/full/100028-1165-001-M.jpg,https://www.wildearth.com.au/buy/womens-bella-tech-hood-black-m/100028-1165-001-M,159.95,159.95,All Products > Clothing > Tops > Thermals;All Products > Clothing > Tops > Hoodies & Sweatshirts
100028-1165-001-S,100028-1165,100028-1165-Black,Mons Royale Bella Tech Merino Baselayer Womens Hoodie - Black - S,Mons Royale,"Bella Tech is an active baselayer designed for multisport use. It is lightweight, has a slim fit silhouette and is packed with features to deliver performance in all conditions. Bella Tech uses our ultra-lite Merino Air-Con 140. Nature&#39;s climate control - It keeps you cool when you&#39;re hot, warm when its not.","<ul>
	<li>Merino Air-Con 140</li>
	<li>Mons slim fit</li>
	<li>Zip hood for ease of venting</li>
	<li>Breathable merino mesh back</li>
	<li>Raglan sleeves and flatlocked seams</li>
	<li>Drop tail for extra coverage</li>
	<li>Thumb loops</li>
</ul>
","<p>Fit: Slim<br />
Fabric: Merino Air-Con<br />
Weight: 140gsm<br />
Blend: 83% Merino Wool 13% Nylon 4% Elastane</p>
",Eco Friendly:Yes;B Corp:Yes;Best Use:Hiking;Gender:Women;Colours:Black;Size:S;Clothing Type:Fleece;Natural Fibre:Yes;Colour:Black,2022-06-24 00:00:00,n,0,9420057482801,Jackets,,https://www.wildearth.com.au/assets/full/100028-1165-001-S.jpg,https://www.wildearth.com.au/buy/womens-bella-tech-hood-black-s/100028-1165-001-S,159.95,159.95,All Products > Clothing > Tops > Thermals;All Products > Clothing > Tops > Hoodies & Sweatshirts
100028-1165-001-XL,100028-1165,100028-1165-Black,Mons Royale Bella Tech Merino Womens Hoodie - Black - XL,Mons Royale,"Bella Tech is an active baselayer designed for multisport use. It is lightweight, has a slim fit silhouette and is packed with features to deliver performance in all conditions. Bella Tech uses our ultra-lite Merino Air-Con 140. Nature&#39;s climate control - It keeps you cool when you&#39;re hot, warm when its not.","<ul>
	<li>Merino Air-Con 140</li>
	<li>Mons slim fit</li>
	<li>Zip hood for ease of venting</li>
	<li>Breathable merino mesh back</li>
	<li>Raglan sleeves and flatlocked seams</li>
	<li>Drop tail for extra coverage</li>
	<li>Thumb loops</li>
</ul>
","<p>Fit: Slim<br />
Fabric: Merino Air-Con<br />
Weight: 140gsm<br />
Blend: 83% Merino Wool 13% Nylon 4% Elastane</p>
",Eco Friendly:Yes;B Corp:Yes;Best Use:Hiking;Gender:Women;Colours:Black;Size:XL;Clothing Type:Casual;Natural Fibre:Yes;Colour:Black,2022-08-24 00:00:00,y,0,9420057482832,Jackets,,https://www.wildearth.com.au/assets/full/100028-1165-001-XL.jpg,https://www.wildearth.com.au/buy/mons-royale-bella-womens-tech-hood-black-xl/100028-1165-001-XL,159.95,159.95,All Products > Clothing > Tops > Thermals;All Products > Clothing > Tops > Hoodies & Sweatshirts
100028-1165-001-XS,100028-1165,100028-1165-Black,Mons Royale Bella Tech Merino Womens Hoodie - Black - XS,Mons Royale,"Bella Tech is an active baselayer designed for multisport use. It is lightweight, has a slim fit silhouette and is packed with features to deliver performance in all conditions. Bella Tech uses our ultra-lite Merino Air-Con 140. Nature&#39;s climate control - It keeps you cool when you&#39;re hot, warm when its not.","<ul>
	<li>Merino Air-Con 140</li>
	<li>Mons slim fit</li>
	<li>Zip hood for ease of venting</li>
	<li>Breathable merino mesh back</li>
	<li>Raglan sleeves and flatlocked seams</li>
	<li>Drop tail for extra coverage</li>
	<li>Thumb loops</li>
</ul>
","<p>Fit: Slim<br />
Fabric: Merino Air-Con<br />
Weight: 140gsm<br />
Blend: 83% Merino Wool 13% Nylon 4% Elastane</p>
",Eco Friendly:Yes;B Corp:Yes;Best Use:Hiking;Gender:Women;Colours:Black;Size:XS;Clothing Type:Casual;Natural Fibre:Yes;Colour:Black,2023-05-04 00:00:00,n,0,9420057482795,Jackets,,https://www.wildearth.com.au/assets/full/100028-1165-001-XS.jpg,https://www.wildearth.com.au/buy/mons-royale-bella-womens-tech-hood-black-xs/100028-1165-001-XS,159.95,159.95,All Products > Clothing > Tops > Thermals;All Products > Clothing > Tops > Hoodies & Sweatshirts
100029-1165,,100029-1165,Mons Royale Bella Tech Womens Merino Long Sleeve Shirt,Mons Royale,"Bella is an active base layer designed for year-round conditions. It is lightweight, has a slim fit silhouette and is packed with features to deliver performance in all conditions. Bella Tech uses our ultra-lite Merino Air-Con 140. Nature&#39;s climate control - It keeps you cool when you&#39;re hot, warm when its not.","<ul>
	<li>Breathable Merino Air-Con mesh back panel</li>
	<li>Raglan sleeves for extra mobility</li>
	<li>Dropped tail hem for extra coverage</li>
	<li>Contoured side body</li>
	<li>Thumb loops.</li>
</ul>
","<p>Fit: Slim<br />
Fabric Type: Merino Air-Con<br />
Weight: 140gsm<br />
Blend: 83% Merino Wool 13% Nylon 4% Elastane</p>
",Eco Friendly:Yes;B Corp:Yes;Best Use:Hiking;Gender:Women;Shirt Type:Long Sleeve;Clothing Type:Baselayer;Natural Fibre:Yes,2024-09-13 00:00:00,y,0,,T-Shirts,"100029-1165-001-L,100029-1165-001-M,100029-1165-001-S,100029-1165-001-XL,100029-1165-001-XS,100029-1165-587-L,100029-1165-587-M,100029-1165-587-S,100029-1165-638-L,100029-1165-638-M,100029-1165-638-S,100029-1165-638-XL,100029-1165-767-L,100029-1165-767-M,100029-1165-767-S,100029-1165-816-L,100029-1165-816-M,100029-1165-816-S,100029-2165-717-L,100029-2165-717-M,100029-2165-717-S,100029-2165-738-L,100029-2165-738-M,100029-2165-738-S",https://www.wildearth.com.au/assets/full/100029-1165.jpg,https://www.wildearth.com.au/buy/mons-royale-bella-tech-merino-womens-ls-t-shirt/100029-1165,500,500,All Products > Clothing > Tops > Thermals;All Products > Clothing > Tops > T-Shirts
100029-1165-001-L,100029-1165,100029-1165-Black,Mons Royale Bella Tech Merino Womens LS T-Shirt - Black - L,Mons Royale,"Bella Tech is an active baselayer designed for multisport use. It is lightweight, has a slim fit silhouette and is packed with features to deliver performance in all conditions. Bella Tech uses our ultra-lite Merino Air-Con 140. Nature&#39;s climate control - It keeps you cool when you&#39;re hot, warm when its not.",<ul> 	<li>Breathable Merino Air-Con mesh back panel</li> 	<li>Raglan sleeves for extra mobility</li> 	<li>Dropped tail hem for extra coverage</li> 	<li>Contoured side body</li> 	<li>Thumb loops</li> </ul>,<p>Fit: Slim<br /> Fabric: Merino Air-Con<br /> Weight: 140gsm<br /> Blend: 83% Merino Wool 13% Nylon 4% Elastane</p>,Eco Friendly:Yes;B Corp:Yes;Best Use:Hiking;Gender:Women;Colours:Black;Shirt Type:Long Sleeve;Size:L;Clothing Type:Baselayer;Natural Fibre:Yes;Colour:Black,2022-06-29 00:00:00,y,0,9420057482924,T-Shirts,,https://www.wildearth.com.au/assets/full/100029-1165-001-L.jpg,https://www.wildearth.com.au/buy/womens-bella-tech-ls-black-l/100029-1165-001-L,500,500,All Products > Clothing > Tops > Thermals;All Products > Clothing > Tops > T-Shirts
100029-1165-001-M,100029-1165,100029-1165-Black,Mons Royale Bella Tech Merino Womens LS T-Shirt - Black - M,Mons Royale,"Bella Tech is an active baselayer designed for multisport use. It is lightweight, has a slim fit silhouette and is packed with features to deliver performance in all conditions. Bella Tech uses our ultra-lite Merino Air-Con 140. Nature&#39;s climate control - It keeps you cool when you&#39;re hot, warm when its not.",<ul> 	<li>Breathable Merino Air-Con mesh back panel</li> 	<li>Raglan sleeves for extra mobility</li> 	<li>Dropped tail hem for extra coverage</li> 	<li>Contoured side body</li> 	<li>Thumb loops</li> </ul>,<p>Fit: Slim<br /> Fabric: Merino Air-Con<br /> Weight: 140gsm<br /> Blend: 83% Merino Wool 13% Nylon 4% Elastane</p>,Eco Friendly:Yes;B Corp:Yes;Best Use:Hiking;Gender:Women;Colours:Black;Shirt Type:Long Sleeve;Size:M;Clothing Type:Baselayer;Natural Fibre:Yes;Colour:Black,2022-06-29 00:00:00,y,0,9420057482917,T-Shirts,,https://www.wildearth.com.au/assets/full/100029-1165-001-M.jpg,https://www.wildearth.com.au/buy/womens-bella-tech-ls-black-m/100029-1165-001-M,500,500,All Products > Clothing > Tops > Thermals;All Products > Clothing > Tops > T-Shirts
100029-1165-001-S,100029-1165,100029-1165-Black,Mons Royale Bella Tech Merino Womens LS T-Shirt - Black - S,Mons Royale,"Bella Tech is an active baselayer designed for multisport use. It is lightweight, has a slim fit silhouette and is packed with features to deliver performance in all conditions. Bella Tech uses our ultra-lite Merino Air-Con 140. Nature&#39;s climate control - It keeps you cool when you&#39;re hot, warm when its not.",<ul> 	<li>Breathable Merino Air-Con mesh back panel</li> 	<li>Raglan sleeves for extra mobility</li> 	<li>Dropped tail hem for extra coverage</li> 	<li>Contoured side body</li> 	<li>Thumb loops</li> </ul>,<p>Fit: Slim<br /> Fabric: Merino Air-Con<br /> Weight: 140gsm<br /> Blend: 83% Merino Wool 13% Nylon 4% Elastane</p>,Eco Friendly:Yes;B Corp:Yes;Best Use:Hiking;Gender:Women;Colours:Black;Shirt Type:Long Sleeve;Size:S;Clothing Type:Baselayer;Natural Fibre:Yes;Colour:Black,2022-06-29 00:00:00,n,0,9420057482900,T-Shirts,,https://www.wildearth.com.au/assets/full/100029-1165-001-S.jpg,https://www.wildearth.com.au/buy/womens-bella-tech-ls-black-s/100029-1165-001-S,500,500,All Products > Clothing > Tops > Thermals;All Products > Clothing > Tops > T-Shirts
100029-1165-001-XL,100029-1165,100029-1165-Black,Mons Royale Bella Tech Merino Womens Long Sleeve Shirt - Black - XL,Mons Royale,,,,Eco Friendly:Yes;B Corp:Yes;Best Use:Hiking;Gender:Women;Colours:Black;Shirt Type:Long Sleeve;Size:XL;Clothing Type:Baselayer;Natural Fibre:Yes;Colour:Black,2024-03-13 00:00:00,y,0,9420057482931,T-Shirts,,https://www.wildearth.com.au/assets/full/100029-1165-001-XL.jpg,https://www.wildearth.com.au/buy/mons-royale-womens-bella-tech-ls-black-xl/100029-1165-001-XL,500,500,All Products > Clothing > Tops > Thermals;All Products > Clothing > Tops > T-Shirts
100029-1165-001-XS,100029-1165,100029-1165-Black,Mons Royale Bella Tech Merino Womens LS T-Shirt - Black - XS,Mons Royale,"Bella Tech is an active baselayer designed for multisport use. It is lightweight, has a slim fit silhouette and is packed with features to deliver performance in all conditions. Bella Tech uses our ultra-lite Merino Air-Con 140. Nature&#39;s climate control - It keeps you cool when you&#39;re hot, warm when its not.",<ul> 	<li>Breathable Merino Air-Con mesh back panel</li> 	<li>Raglan sleeves for extra mobility</li> 	<li>Dropped tail hem for extra coverage</li> 	<li>Contoured side body</li> 	<li>Thumb loops</li> </ul>,<p>Fit: Slim<br /> Fabric: Merino Air-Con<br /> Weight: 140gsm<br /> Blend: 83% Merino Wool 13% Nylon 4% Elastane</p>,Eco Friendly:Yes;B Corp:Yes;Best Use:Hiking;Gender:Women;Colours:Black;Shirt Type:Long Sleeve;Size:XS;Clothing Type:Baselayer;Natural Fibre:Yes;Colour:Black,2022-06-29 00:00:00,n,0,9420057482894,T-Shirts,,https://www.wildearth.com.au/assets/full/100029-1165-001-XS.jpg,https://www.wildearth.com.au/buy/womens-bella-tech-ls-black-xs/100029-1165-001-XS,500,500,All Products > Clothing > Tops > Thermals;All Products > Clothing > Tops > T-Shirts
10003157-BLK-L,D10003157,D10003157-Green,Dakine Leather Titan GTX Mens Short Snowboard & Ski Gloves - Black - L 1234,Dakine,,,,Best Use:Snow;Gender:Men;Colours:Black;Size:L;Colour:Green,2024-12-05 00:00:00,y,0,610934364316,Gloves,,https://www.wildearth.com.au/assets/full/10003157-BLK-L.jpg,https://www.wildearth.com.au/buy/dakine-leather-titan-gore-tex-short-glove-black-l/10003157-BLK-L,159.99,159.99,All Products > Clothing > Clothing Accessories > Gloves;All Products > Snow > Snow Gloves & Socks
10003157-BLK-M,D10003157,D10003157-Green,Dakine Leather Titan GTX Mens Short Snowboard & Ski Gloves - Black - M,Dakine,,,,Best Use:Snow;Gender:Men;Colours:Black;Size:M;Colour:Green,2024-12-05 00:00:00,y,0,610934364378,Gloves,,https://www.wildearth.com.au/assets/full/10003157-BLK-M.jpg,https://www.wildearth.com.au/buy/dakine-leather-titan-gore-tex-short-glove-black-m/10003157-BLK-M,159.99,159.99,All Products > Clothing > Clothing Accessories > Gloves;All Products > Snow > Snow Gloves & Socks
10003157-BLK-S,D10003157,D10003157-Green,Dakine Leather Titan GTX Mens Short Snowboard & Ski Gloves - Black - S,Dakine,,,,Best Use:Snow;Gender:Men;Colours:Black;Size:S;Colour:Green,2024-12-05 00:00:00,y,0,610934364330,Gloves,,https://www.wildearth.com.au/assets/full/10003157-BLK-S.jpg,https://www.wildearth.com.au/buy/dakine-leather-titan-gore-tex-short-glove-black-s/10003157-BLK-S,159.99,159.99,All Products > Clothing > Clothing Accessories > Gloves;All Products > Snow > Snow Gloves & Socks
10003157-BLK-XL,D10003157,D10003157-Green,Dakine Leather Titan GTX Mens Short Snowboard & Ski Gloves - Black - XL,Dakine,,,,Best Use:Snow;Gender:Men;Colours:Black;Size:XL;Colour:Green,2024-12-05 00:00:00,y,0,610934364354,Gloves,,https://www.wildearth.com.au/assets/full/10003157-BLK-XL.jpg,https://www.wildearth.com.au/buy/dakine-leather-titan-gore-tex-short-glove-black-xl/10003157-BLK-XL,159.99,159.99,All Products > Clothing > Clothing Accessories > Gloves;All Products > Snow > Snow Gloves & Socks
100030-1000-001-L,100030-1000-test,100030-1000-Black,Mons Royale Bella Tech Merino Womens Tee - Black - L,Mons Royale,"Bella Tech is an active baselayer designed for multisport use. It is lightweight, has a slim fit silhouette and is packed with features to deliver performance in all conditions. Bella Tech uses our ultra-lite Merino Air-Con 140. Nature&#39;s climate control - It keeps you cool when you&#39;re hot, warm when its not.",<ul> 	<li>Merino Air-Con 140</li> 	<li>Mons slim fit</li> 	<li>Breathable merino mesh back</li> 	<li>Raglan sleeves and flatlocked seams</li> 	<li>Drop tail for extra coverage.</li> </ul>,<p>Fit: Slim<br /> Fabric: Merino Air-Con<br /> Weight: 140gsm<br /> Blend: 83% Merino Wool 13% Nylon 4% Elastane</p>,Eco Friendly:Yes;B Corp:Yes;Best Use:Hiking;Gender:Women;Colours:Black;Shirt Type:Short Sleeve;Size:L;Clothing Type:Baselayer;Natural Fibre:Yes;Colour:Black,2022-06-29 00:00:00,y,0,9420057483075,T-Shirts,,https://www.wildearth.com.au/assets/full/100030-1165-001-L.jpg,https://www.wildearth.com.au/buy/womens-bella-tech-tee-black-l/100030-1165-001-L,109.95,109.95,All Products > Clothing > Tops > T-Shirts
100030-1000-001-S,100030-1000-test,100030-1000-Black,Mons Royale Bella Tech Merino Womens Tee - Black - S,Mons Royale,"Bella Tech is an active baselayer designed for multisport use. It is lightweight, has a slim fit silhouette and is packed with features to deliver performance in all conditions. Bella Tech uses our ultra-lite Merino Air-Con 140. Nature&#39;s climate control - It keeps you cool when you&#39;re hot, warm when its not.",<ul> 	<li>Merino Air-Con 140</li> 	<li>Mons slim fit</li> 	<li>Breathable merino mesh back</li> 	<li>Raglan sleeves and flatlocked seams</li> 	<li>Drop tail for extra coverage.</li> </ul>,<p>Fit: Slim<br /> Fabric: Merino Air-Con<br /> Weight: 140gsm<br /> Blend: 83% Merino Wool 13% Nylon 4% Elastane</p>,Eco Friendly:Yes;B Corp:Yes;Best Use:Hiking;Gender:Women;Colours:Black;Shirt Type:Short Sleeve;Size:S;Clothing Type:Baselayer;Natural Fibre:Yes;Colour:Black,2022-06-29 00:00:00,y,0,9420057483051,T-Shirts,,https://www.wildearth.com.au/assets/full/100030-1165-001-S.jpg,https://www.wildearth.com.au/buy/womens-bella-tech-tee-black-s/100030-1165-001-S,109.95,109.95,All Products > Clothing > Tops > T-Shirts
100030-1000-001-XL,100030-1000-test,100030-1000-Black,Mons Royale Bella Tech Merino Womens Tee - Black - XL,Mons Royale,"testBella Tech is an active baselayer designed for multisport use. It is lightweight, has a slim fit silhouette and is packed with features to deliver performance in all conditions. Bella Tech uses our ultra-lite Merino Air-Con 140. Nature&#39;s climate control - It keeps you cool when you&#39;re hot, warm when its not.",<ul> 	<li>Merino Air-Con 140</li> 	<li>Mons slim fit</li> 	<li>Breathable merino mesh back</li> 	<li>Raglan sleeves and flatlocked seams</li> 	<li>Drop tail for extra coverage.</li> </ul>,<p>Fit: Slim<br /> Fabric: Merino Air-Con<br /> Weight: 140gsm<br /> Blend: 83% Merino Wool 13% Nylon 4% Elastane</p>,Eco Friendly:Yes;B Corp:Yes;Best Use:Hiking;Gender:Women;Colours:Black;Shirt Type:Short Sleeve;Size:XL;Clothing Type:Baselayer;Natural Fibre:Yes;Colour:Black,2022-06-29 00:00:00,y,0,9420057483082,T-Shirts,,https://www.wildearth.com.au/assets/full/100030-1165-001-XL.jpg,https://www.wildearth.com.au/buy/womens-bella-tech-tee-black-xl/100030-1165-001-XL,109.95,109.95,All Products > Clothing > Tops > T-Shirts
100030-1000-001-XS,100030-1000-test,100030-1000-Black,Mons Royale Bella Tech Merino Womens Tee - Black - XS test,Mons Royale,"Bella Tech is an active baselayer designed for multisport use. It is lightweight, has a slim fit silhouette and is packed with features to deliver performance in all conditions. Bella Tech uses our ultra-lite Merino Air-Con 140. Nature&#39;s climate control - It keeps you cool when you&#39;re hot, warm when its not.",<ul> 	<li>Merino Air-Con 140</li> 	<li>Mons slim fit</li> 	<li>Breathable merino mesh back</li> 	<li>Raglan sleeves and flatlocked seams</li> 	<li>Drop tail for extra coverage.</li> </ul>,<p>Fit: Slim<br /> Fabric: Merino Air-Con<br /> Weight: 140gsm<br /> Blend: 83% Merino Wool 13% Nylon 4% Elastane</p>,Eco Friendly:Yes;B Corp:Yes;Best Use:Hiking;Gender:Women;Colours:Black;Shirt Type:Short Sleeve;Size:XS;Clothing Type:Baselayer;Natural Fibre:Yes;Colour:Black,2022-06-29 00:00:00,y,0,9420057483044,T-Shirts,,https://www.wildearth.com.au/assets/full/100030-1165-001-XS.jpg,https://www.wildearth.com.au/buy/womens-bella-tech-tee-black-xs/100030-1165-001-XS,109.95,109.95,All Products > Clothing > Tops > T-Shirts
100030-1000-001-XXS,100030-1000-test,100030-1000-Black,Mons Royale Bella Tech Merino Womens Tee - Black - XXS test,Mons Royale,"Bella Tech is an active baselayer designed for multisport use. It is lightweight, has a slim fit silhouette and is packed with features to deliver performance in all conditions. Bella Tech uses our ultra-lite Merino Air-Con 140. Nature&#39;s climate control - It keeps you cool when you&#39;re hot, warm when its not.",<ul> 	<li>Merino Air-Con 140</li> 	<li>Mons slim fit</li> 	<li>Breathable merino mesh back</li> 	<li>Raglan sleeves and flatlocked seams</li> 	<li>Drop tail for extra coverage.</li> </ul>,<p>Fit: Slim<br /> Fabric: Merino Air-Con<br /> Weight: 140gsm<br /> Blend: 83% Merino Wool 13% Nylon 4% Elastane</p>,Eco Friendly:Yes;B Corp:Yes;Best Use:Hiking;Gender:Women;Colours:Black;Shirt Type:Short Sleeve;Size:XS;Clothing Type:Baselayer;Natural Fibre:Yes;Colour:Black,2022-06-29 00:00:00,y,0,9420057483044,T-Shirts,,https://www.wildearth.com.au/assets/full/100030-1165-001-XS.jpg,https://www.wildearth.com.au/buy/womens-bella-tech-tee-black-xs/100030-1165-001-XS,109.95,109.95,All Products > Clothing > Tops > T-Shirts
